,0,1,2,3,4,5,6,7,8
0,0.58,0.61,0.47,0.13,0.5,0.0,0.48,0.22,0
1,0.43,0.67,0.48,0.27,0.5,0.0,0.53,0.22,0
2,0.64,0.62,0.49,0.15,0.5,0.0,0.53,0.22,0
3,0.58,0.44,0.57,0.13,0.5,0.0,0.54,0.22,1
4,0.42,0.44,0.48,0.54,0.5,0.0,0.48,0.22,0
5,0.51,0.4,0.56,0.17,0.5,0.5,0.49,0.22,2
6,0.5,0.54,0.48,0.65,0.5,0.0,0.53,0.22,0
7,0.48,0.45,0.59,0.2,0.5,0.0,0.58,0.34,1
8,0.55,0.5,0.66,0.36,0.5,0.0,0.49,0.22,0
9,0.4,0.39,0.6,0.15,0.5,0.0,0.58,0.3,2
10,0.43,0.39,0.54,0.21,0.5,0.0,0.53,0.27,1
11,0.42,0.37,0.59,0.2,0.5,0.0,0.52,0.29,1
12,0.4,0.42,0.57,0.35,0.5,0.0,0.53,0.25,2
13,0.6,0.4,0.52,0.46,0.5,0.0,0.53,0.22,0
14,0.66,0.55,0.45,0.19,0.5,0.0,0.46,0.22,0
15,0.46,0.44,0.52,0.11,0.5,0.0,0.5,0.22,2
16,0.47,0.39,0.5,0.11,0.5,0.0,0.49,0.4,2
17,0.58,0.47,0.54,0.11,0.5,0.0,0.51,0.26,1
18,0.5,0.34,0.55,0.21,0.5,0.0,0.49,0.22,1
19,0.61,0.6,0.55,0.21,0.5,0.0,0.5,0.25,1
20,0.45,0.4,0.5,0.16,0.5,0.0,0.5,0.22,2
21,0.43,0.44,0.48,0.22,0.5,0.0,0.51,0.22,2
22,0.73,0.63,0.42,0.3,0.5,0.0,0.49,0.22,2
23,0.43,0.53,0.52,0.13,0.5,0.0,0.55,0.22,2
24,0.46,0.53,0.52,0.15,0.5,0.0,0.58,0.22,2
25,0.51,0.51,0.52,0.51,0.5,0.0,0.54,0.22,0
26,0.59,0.45,0.53,0.19,0.5,0.0,0.59,0.27,2
27,0.57,0.47,0.6,0.18,0.5,0.0,0.51,0.22,2
28,0.63,0.67,0.57,0.24,0.5,0.0,0.49,0.22,0
29,0.8,0.88,0.36,0.39,0.5,0.0,0.56,0.33,3
30,0.53,0.54,0.43,0.1,0.5,0.0,0.57,0.32,1
31,0.51,0.51,0.43,0.87,0.5,0.0,0.52,0.22,0
32,0.38,0.61,0.61,0.12,0.5,0.0,0.53,0.47,2
33,0.33,0.55,0.51,0.43,0.5,0.0,0.51,0.22,1
34,0.78,0.74,0.42,0.26,0.5,0.0,0.43,0.22,3
35,0.74,0.67,0.47,0.34,0.5,0.0,0.42,0.22,4
36,0.72,0.61,0.45,0.3,0.5,0.0,0.54,0.25,0
37,0.4,0.45,0.57,0.18,0.5,0.0,0.56,0.26,2
38,0.59,0.53,0.43,0.44,0.5,0.0,0.5,0.22,0
39,0.57,0.53,0.53,0.34,0.5,0.0,0.53,0.22,0
40,0.86,0.68,0.39,0.24,0.5,0.0,0.54,0.22,5
41,0.86,0.74,0.51,0.4,0.5,0.0,0.55,0.22,5
42,0.79,0.57,0.41,0.28,0.5,0.0,0.59,0.22,5
43,0.41,0.54,0.39,0.2,0.5,0.0,0.51,0.22,6
44,0.37,0.36,0.56,0.18,0.5,0.0,0.48,0.26,7
45,0.53,0.31,0.58,0.39,0.5,0.0,0.47,0.37,1
46,0.74,0.75,0.58,0.47,0.5,0.0,0.4,0.35,5
47,0.49,0.39,0.52,0.29,0.5,0.0,0.48,0.22,4
48,0.74,0.57,0.51,0.28,0.5,0.0,0.58,0.22,7
49,0.42,0.24,0.34,0.16,0.5,0.0,0.5,0.22,6
50,0.48,0.39,0.51,0.21,0.5,0.0,0.52,0.28,2
51,0.41,0.53,0.45,0.14,0.5,0.0,0.52,0.66,6
52,0.45,0.46,0.55,0.43,0.5,0.0,0.55,0.38,1
53,0.56,0.48,0.58,0.27,0.5,0.0,0.51,0.22,2
54,0.64,0.59,0.56,0.23,0.5,0.0,0.46,0.22,2
55,0.64,0.56,0.56,0.22,0.5,0.0,0.45,0.22,2
56,0.66,0.62,0.49,0.1,0.5,0.0,0.49,0.22,2
57,0.53,0.44,0.51,0.33,0.5,0.0,0.55,0.22,2
58,0.38,0.49,0.53,0.19,0.5,0.0,0.5,0.22,2
59,0.45,0.58,0.48,0.67,0.5,0.0,0.52,0.22,0
60,0.43,0.35,0.52,0.52,0.5,0.0,0.54,0.22,0
61,0.37,0.32,0.47,0.18,0.5,0.0,0.45,0.25,1
62,0.48,0.43,0.51,0.32,0.5,0.0,0.52,0.43,1
63,0.41,0.46,0.59,0.19,0.5,0.0,0.58,0.27,1
64,0.54,0.48,0.44,0.08,0.5,0.0,0.52,0.27,2
65,0.6,0.47,0.45,0.22,0.5,0.0,0.51,0.29,2
66,0.34,0.46,0.57,0.09,0.5,0.0,0.55,0.22,2
67,0.48,0.54,0.55,0.12,0.5,0.0,0.51,0.22,2
68,0.47,0.39,0.59,0.15,0.5,0.0,0.57,0.22,2
69,0.81,0.85,0.47,0.37,0.5,0.0,0.56,0.22,4
70,0.48,0.42,0.52,0.24,0.5,0.0,0.56,0.22,2
71,0.58,0.51,0.49,0.27,0.5,0.0,0.57,0.29,2
72,0.6,0.5,0.44,0.61,0.5,0.0,0.47,0.22,0
73,0.45,0.55,0.54,0.66,0.5,0.0,0.47,0.22,0
74,0.46,0.49,0.58,0.23,0.5,0.0,0.44,0.22,0
75,0.49,0.42,0.56,0.55,0.5,0.0,0.42,0.25,0
76,0.63,0.53,0.54,0.4,0.5,0.0,0.5,0.22,0
77,0.5,0.54,0.53,0.54,0.5,0.0,0.51,0.27,0
78,0.63,0.57,0.59,0.4,0.5,0.0,0.38,0.22,0
79,0.43,0.57,0.51,0.49,0.5,0.0,0.48,0.22,0
80,0.48,0.45,0.55,0.5,0.5,0.0,0.53,0.22,0
81,0.5,0.58,0.46,0.46,0.5,0.0,0.46,0.22,0
82,0.51,0.54,0.6,0.57,0.5,0.0,0.58,0.22,0
83,0.54,0.52,0.63,0.37,0.5,0.0,0.46,0.22,0
84,0.67,0.62,0.4,0.43,0.5,0.83,0.5,0.22,0
85,0.28,0.58,0.21,0.13,0.5,0.0,0.51,0.22,6
86,0.39,0.44,0.35,0.16,0.5,0.0,0.55,0.22,6
87,0.8,0.63,0.45,0.29,0.5,0.0,0.51,0.22,4
88,0.5,0.52,0.59,0.3,0.5,0.0,0.51,0.35,1
89,0.42,0.47,0.52,0.41,0.5,0.0,0.53,0.32,2
90,0.36,0.46,0.62,0.46,0.5,0.0,0.51,0.33,2
91,0.46,0.38,0.47,0.22,0.5,0.0,0.52,0.27,0
92,0.4,0.45,0.56,0.2,0.5,0.0,0.45,0.22,2
93,0.33,0.43,0.64,0.16,0.5,0.0,0.52,0.52,1
94,0.49,0.61,0.49,0.25,0.5,0.0,0.5,0.28,2
95,0.38,0.5,0.37,0.26,0.5,0.0,0.43,0.22,6
96,0.69,0.7,0.52,0.36,0.5,0.0,0.46,0.22,4
97,0.61,0.72,0.39,0.33,0.5,0.0,0.58,0.22,0
98,0.78,0.75,0.4,0.28,0.5,0.0,0.53,0.22,0
99,0.64,0.57,0.57,0.27,0.5,0.0,0.37,0.22,2
100,0.36,0.58,0.35,0.24,0.5,0.0,0.44,0.22,6
101,0.36,0.43,0.39,0.12,0.5,0.0,0.49,0.22,6
102,0.47,0.52,0.5,0.4,0.5,0.0,0.41,0.22,2
103,0.48,0.23,0.57,0.27,0.5,0.0,0.48,0.47,1
104,0.47,0.39,0.55,0.24,0.5,0.0,0.47,0.22,2
105,0.44,0.59,0.36,0.16,0.5,0.0,0.52,0.22,6
106,0.42,0.35,0.54,0.18,0.5,0.0,0.56,0.22,2
107,0.3,0.56,0.55,0.18,0.5,0.0,0.5,0.22,2
108,0.65,0.65,0.52,0.16,0.5,0.0,0.6,0.22,2
109,0.27,0.6,0.48,0.23,0.5,0.0,0.55,0.22,2
110,0.45,0.41,0.5,0.46,0.5,0.5,0.5,0.27,8
111,0.44,0.52,0.41,0.23,0.5,0.0,0.51,0.22,1
112,0.3,0.32,0.57,0.19,0.5,0.0,0.48,0.55,1
113,0.4,0.44,0.49,0.47,0.5,0.0,0.49,0.27,1
114,0.45,0.51,0.5,0.16,0.5,0.0,0.52,1.0,1
115,0.45,0.45,0.5,0.6,0.5,0.0,0.49,0.22,0
116,0.59,0.67,0.56,0.41,0.5,0.0,0.47,0.22,0
117,0.47,0.47,0.57,0.48,0.5,0.0,0.48,0.22,0
118,0.35,0.52,0.48,0.22,0.5,0.0,0.26,0.22,0
119,0.47,0.41,0.66,0.26,0.5,0.0,0.53,0.22,0
120,0.64,0.62,0.29,0.28,0.5,0.0,0.51,0.22,0
121,0.55,0.53,0.55,0.46,0.5,0.0,0.52,0.22,0
122,0.67,0.62,0.54,0.43,0.5,0.0,0.53,0.22,0
123,0.59,0.6,0.49,0.43,0.5,0.0,0.53,0.31,0
124,0.54,0.55,0.34,0.31,0.5,0.0,0.54,0.22,6
125,0.58,0.62,0.54,0.17,0.5,0.0,0.48,0.22,0
126,0.4,0.38,0.53,0.16,0.5,0.0,0.52,0.27,1
127,0.46,0.71,0.48,0.53,0.5,0.0,0.53,0.22,0
128,0.53,0.51,0.55,0.05,0.5,0.0,0.45,0.25,1
129,0.41,0.4,0.59,0.47,0.5,0.0,0.48,0.43,2
130,0.5,0.64,0.57,0.15,0.5,0.0,0.47,0.22,2
131,0.4,0.62,0.52,0.31,0.5,0.0,0.49,0.31,2
132,0.6,0.5,0.57,0.25,0.5,0.0,0.41,0.26,2
133,0.62,0.51,0.52,0.42,0.5,0.0,0.54,0.27,1
134,0.35,0.58,0.54,0.16,0.5,0.0,0.51,0.22,1
135,0.34,0.54,0.5,0.21,0.5,0.0,0.54,0.31,2
136,0.39,0.58,0.5,0.26,0.5,0.0,0.54,0.59,6
137,0.48,0.54,0.5,0.17,0.5,0.0,0.53,0.22,1
138,0.29,0.32,0.58,0.15,0.5,0.0,0.5,0.3,2
139,0.47,0.32,0.64,0.3,0.5,0.0,0.63,0.22,1
140,0.39,0.47,0.56,0.16,0.5,0.0,0.47,0.22,2
141,0.58,0.48,0.51,0.47,0.5,0.0,0.55,0.22,1
142,0.64,0.6,0.57,0.19,0.5,0.0,0.43,0.22,1
143,0.37,0.46,0.4,0.27,0.5,0.0,0.45,0.22,1
144,0.43,0.57,0.53,0.16,0.5,0.0,0.54,0.22,2
145,0.28,0.37,0.61,0.09,0.5,0.0,0.52,0.55,1
146,0.59,0.48,0.5,0.14,0.5,0.0,0.45,0.25,2
147,0.39,0.55,0.48,0.31,0.5,0.0,0.54,0.29,2
148,0.26,0.36,0.47,0.34,0.5,0.0,0.53,0.72,1
149,0.51,0.34,0.5,0.19,0.5,0.0,0.5,0.22,1
150,0.58,0.5,0.5,0.12,0.5,0.0,0.48,0.25,1
151,0.44,0.39,0.53,0.14,0.5,0.0,0.54,0.44,2
152,0.41,0.39,0.44,0.34,0.5,0.0,0.48,0.4,1
153,0.45,0.43,0.51,0.24,0.5,0.0,0.54,0.33,2
154,0.36,0.68,0.46,0.16,0.5,0.0,0.53,0.28,1
155,0.42,0.31,0.5,0.15,0.5,0.0,0.53,0.22,1
156,0.42,0.43,0.56,0.1,0.5,0.0,0.49,0.22,2
157,0.67,0.71,0.52,0.65,0.5,0.0,0.53,0.36,1
158,0.49,0.47,0.53,0.16,0.5,0.0,0.48,0.27,1
159,0.71,0.59,0.48,0.43,0.5,0.0,0.59,0.22,0
160,0.4,0.42,0.71,0.21,0.5,0.0,0.54,0.32,2
161,0.4,0.42,0.71,0.21,0.5,0.0,0.54,0.32,2
162,0.54,0.49,0.49,0.2,0.5,0.0,0.52,0.22,2
163,0.42,0.51,0.5,0.12,0.5,0.0,0.52,0.46,1
164,0.57,0.51,0.53,0.18,0.5,0.0,0.56,0.25,1
165,0.35,0.45,0.43,0.11,0.5,0.0,0.56,0.22,6
166,0.42,0.42,0.42,0.2,0.5,0.0,0.49,0.22,6
167,0.26,0.5,0.33,0.28,0.5,0.0,0.51,0.22,6
168,0.39,0.42,0.38,0.4,0.5,0.0,0.49,0.47,6
169,0.26,0.44,0.3,0.11,0.5,0.0,0.51,0.47,6
170,0.31,0.44,0.53,0.23,0.5,0.0,0.51,0.32,1
171,0.48,0.61,0.44,0.2,0.5,0.0,0.47,0.22,2
172,0.66,0.45,0.5,0.23,0.5,0.0,0.49,0.22,2
173,0.21,0.41,0.55,0.11,0.5,0.0,0.5,0.27,2
174,0.38,0.68,0.44,0.45,0.5,0.0,0.53,0.22,0
175,0.44,0.38,0.48,0.32,0.5,0.83,0.53,0.22,8
176,0.31,0.31,0.56,0.33,0.5,0.0,0.52,0.33,1
177,0.49,0.31,0.49,0.35,0.5,0.0,0.51,0.29,1
178,0.38,0.37,0.56,0.21,0.5,0.0,0.49,0.22,1
179,0.39,0.4,0.53,0.67,0.5,0.0,0.47,0.22,2
180,0.24,0.34,0.69,0.18,0.5,0.0,0.52,0.22,2
181,0.49,0.43,0.51,0.13,0.5,0.0,0.47,0.22,2
182,0.54,0.38,0.52,0.18,0.5,0.0,0.48,0.22,2
183,0.43,0.57,0.53,0.53,0.5,0.0,0.53,0.25,2
184,0.48,0.64,0.61,0.23,0.5,0.0,0.6,0.22,2
185,0.31,0.55,0.52,0.17,0.5,0.0,0.52,0.22,2
186,0.32,0.57,0.5,0.15,0.5,0.0,0.53,0.22,2
187,0.32,0.42,0.52,0.24,0.5,0.0,0.6,0.22,2
188,0.59,0.5,0.52,0.28,0.5,0.0,0.55,0.25,2
189,0.37,0.42,0.51,0.11,0.5,0.0,0.57,0.22,2
190,0.75,0.7,0.38,0.27,0.5,0.0,0.49,0.22,3
191,0.61,0.72,0.31,0.33,0.5,0.0,0.56,0.22,0
192,0.44,0.42,0.6,0.21,0.5,0.0,0.57,0.22,2
193,0.52,0.51,0.51,0.54,0.5,0.0,0.55,0.27,0
194,0.63,0.56,0.45,0.58,0.5,0.0,0.51,0.22,0
195,0.52,0.56,0.54,0.53,0.5,0.0,0.45,0.22,0
196,0.58,0.58,0.58,0.49,0.5,0.0,0.49,0.26,0
197,0.72,0.62,0.34,0.29,0.5,0.0,0.56,0.28,0
198,0.72,0.61,0.37,0.3,0.5,0.0,0.57,0.22,0
199,0.46,0.43,0.38,0.33,0.5,0.0,0.48,0.28,0
200,0.57,0.57,0.44,0.37,0.5,0.0,0.52,0.25,0
201,0.42,0.31,0.62,0.12,0.5,0.0,0.4,0.22,0
202,0.49,0.46,0.45,0.45,0.5,0.0,0.52,0.22,0
203,0.42,0.58,0.41,0.65,0.5,0.0,0.46,0.26,0
204,0.59,0.61,0.34,0.22,0.5,0.0,0.51,0.22,0
205,0.52,0.77,0.38,0.34,0.5,0.0,0.51,0.22,0
206,0.5,0.52,0.6,0.51,0.5,0.0,0.48,0.22,0
207,0.49,0.6,0.43,0.56,0.5,0.0,0.36,0.22,0
208,0.5,0.41,0.44,0.5,0.5,0.0,0.42,0.22,0
209,0.5,0.4,0.56,0.7,0.5,0.0,0.5,0.22,0
210,0.37,0.58,0.44,0.51,0.5,0.0,0.44,0.22,0
211,0.55,0.45,0.45,0.54,0.5,0.0,0.5,0.22,0
212,0.67,0.68,0.46,0.29,0.5,0.0,0.46,0.22,0
213,0.53,0.51,0.46,0.28,0.5,0.0,0.48,0.22,2
214,0.35,0.66,0.49,0.21,0.5,0.0,0.54,0.25,2
215,0.52,0.4,0.6,0.12,0.5,0.0,0.55,0.22,2
216,0.77,0.79,0.58,0.23,0.5,0.0,0.48,0.22,4
217,0.47,0.46,0.59,0.49,0.5,0.0,0.56,0.22,0
218,0.73,0.83,0.43,0.3,0.5,0.0,0.55,0.22,3
219,0.78,0.74,0.58,0.25,1.0,0.0,0.53,0.22,9
220,0.7,0.65,0.54,0.28,0.5,0.0,0.6,0.4,7
221,0.47,0.54,0.37,0.14,0.5,0.0,0.5,0.22,6
222,0.56,0.52,0.48,0.17,0.5,0.0,0.46,0.22,1
223,0.57,0.41,0.59,0.24,0.5,0.0,0.4,0.22,2
224,0.56,0.41,0.58,0.21,0.5,0.0,0.42,0.22,2
225,0.58,0.56,0.45,0.12,0.5,0.0,0.51,0.22,1
226,0.53,0.38,0.66,0.25,0.5,0.0,0.43,0.22,1
227,0.34,0.36,0.54,0.11,0.5,0.0,0.36,0.21,1
228,0.69,0.61,0.38,0.27,0.5,0.0,0.52,0.22,5
229,0.37,0.53,0.6,0.19,0.5,0.5,0.42,0.22,8
230,0.41,0.45,0.53,0.17,0.5,0.0,0.51,0.25,1
231,0.31,0.46,0.54,0.52,0.5,0.0,0.5,0.34,1
232,0.36,0.37,0.33,0.14,0.5,0.0,0.57,0.31,6
233,0.82,0.78,0.49,0.23,0.5,0.0,0.46,0.22,4
234,0.82,0.75,0.54,0.23,0.5,0.0,0.46,0.22,4
235,0.41,0.51,0.58,0.15,0.5,0.0,0.45,0.27,2
236,0.38,0.51,0.75,0.17,0.5,0.0,0.55,0.22,2
237,0.38,0.51,0.75,0.17,0.5,0.0,0.55,0.22,2
238,0.53,0.44,0.51,0.33,0.5,0.0,0.52,0.22,0
239,0.46,0.54,0.71,0.15,0.5,0.0,0.59,0.22,0
240,0.4,0.56,0.48,0.14,0.5,0.0,0.47,0.22,0
241,0.53,0.53,0.6,0.13,0.5,0.0,0.49,0.22,0
242,0.42,0.57,0.72,0.22,0.5,0.0,0.57,0.22,0
243,0.45,0.27,0.57,0.36,0.5,0.0,0.52,0.18,2
244,0.2,0.26,0.52,0.14,0.5,0.0,0.53,0.44,2
245,0.51,0.53,0.55,0.14,0.5,0.0,0.51,0.22,2
246,0.44,0.68,0.45,0.51,0.5,0.0,0.52,0.41,0
247,0.27,0.39,0.66,0.11,0.5,0.0,0.44,0.22,0
248,0.55,0.42,0.34,0.3,0.5,0.0,0.52,0.22,6
249,0.34,0.42,0.3,0.23,0.5,0.0,0.53,0.22,6
250,0.44,0.53,0.52,0.23,0.5,0.83,0.51,0.22,8
251,0.59,0.58,0.56,0.21,0.5,0.0,0.54,0.33,1
252,0.39,0.28,0.46,0.12,0.5,0.0,0.41,0.22,1
253,0.56,0.43,0.54,0.16,0.5,0.0,0.5,0.22,1
254,0.36,0.68,0.38,0.08,0.5,0.0,0.53,0.25,7
255,0.27,0.36,0.6,0.33,0.5,0.0,0.37,0.31,1
256,0.35,0.4,0.59,0.22,0.5,0.0,0.47,0.37,1
257,0.42,0.32,0.5,0.21,0.5,0.0,0.51,0.22,1
258,0.23,0.2,0.53,0.2,0.5,0.0,0.44,0.22,1
259,0.55,0.54,0.56,0.22,0.5,0.0,0.5,0.37,1
260,0.36,0.24,0.49,0.16,0.5,0.0,0.51,0.22,1
261,0.38,0.48,0.59,0.22,0.5,0.0,0.46,0.22,2
262,0.8,0.46,0.5,0.15,0.5,0.0,0.53,0.22,2
263,0.6,0.56,0.47,0.2,0.5,0.0,0.5,0.38,1
264,0.41,0.24,0.54,0.26,0.5,0.0,0.41,0.22,1
265,0.47,0.65,0.54,0.62,0.5,0.0,0.53,0.36,0
266,0.43,0.39,0.54,0.14,0.5,0.0,0.47,0.22,1
267,0.5,0.51,0.52,0.09,0.5,0.0,0.48,0.25,1
268,0.53,0.61,0.52,0.21,0.5,0.0,0.55,0.3,1
269,0.54,0.42,0.41,0.16,0.5,0.0,0.52,0.22,5
270,0.46,0.35,0.53,0.16,0.5,0.0,0.51,0.29,2
271,0.46,0.43,0.49,0.79,0.5,0.0,0.49,0.63,1
272,0.51,0.55,0.35,0.16,0.5,0.0,0.51,0.47,6
273,0.56,0.52,0.55,0.19,0.5,0.0,0.54,0.22,2
274,0.61,0.3,0.59,0.12,0.5,0.0,0.49,0.27,1
275,0.37,0.53,0.46,0.23,0.5,0.0,0.47,0.22,1
276,0.83,0.58,0.33,0.04,0.5,0.0,0.53,0.22,5
277,0.39,0.45,0.53,0.18,0.5,0.0,0.54,0.22,2
278,0.52,0.54,0.5,0.21,0.5,0.0,0.48,0.3,2
279,0.35,0.39,0.57,0.11,0.5,0.0,0.48,0.22,1
280,0.36,0.49,0.3,0.22,0.5,0.0,0.52,0.31,6
281,0.78,0.7,0.32,0.23,0.5,0.0,0.53,0.22,3
282,0.55,0.46,0.53,0.11,0.5,0.0,0.52,0.48,2
283,0.45,0.56,0.54,0.32,0.5,0.0,0.57,0.22,2
284,0.45,0.56,0.53,0.32,0.5,0.0,0.57,0.22,2
285,0.29,0.43,0.4,0.15,0.5,0.0,0.53,0.22,6
286,0.52,0.75,0.37,0.14,0.5,0.0,0.46,0.22,6
287,0.71,0.56,0.39,0.27,0.5,0.0,0.52,0.22,5
288,0.58,0.6,0.43,0.12,0.5,0.0,0.55,0.22,6
289,0.54,0.65,0.49,0.34,0.5,0.0,0.52,0.22,2
290,0.57,0.59,0.44,0.16,0.5,0.0,0.52,0.22,5
291,0.59,0.58,0.46,0.19,0.5,0.0,0.56,0.27,2
292,0.92,0.61,0.4,0.22,0.5,0.0,0.54,0.22,5
293,0.55,0.56,0.45,0.14,0.5,0.0,0.54,0.22,2
294,0.63,0.61,0.41,0.22,0.5,0.0,0.51,0.22,6
295,0.58,0.53,0.38,0.18,0.5,0.0,0.52,0.22,6
296,0.36,0.46,0.43,0.19,0.5,0.0,0.48,0.22,6
297,0.32,0.47,0.55,0.12,0.5,0.0,0.52,0.22,2
298,0.34,0.38,0.45,0.19,0.5,0.0,0.51,0.22,5
299,0.62,0.58,0.46,0.13,0.5,0.0,0.53,0.22,2
300,0.53,0.68,0.42,0.19,0.5,0.0,0.53,0.22,6
301,0.73,0.55,0.41,0.16,0.5,0.0,0.46,0.22,5
302,0.55,0.46,0.46,0.31,0.5,0.0,0.58,0.48,1
303,0.35,0.6,0.47,0.13,0.5,0.0,0.52,0.43,1
304,0.77,0.8,0.51,0.4,1.0,0.0,0.54,0.22,9
305,0.77,0.87,0.47,0.37,0.5,0.0,0.48,0.22,4
306,0.35,0.46,0.49,0.15,1.0,0.0,0.55,0.35,2
307,0.43,0.51,0.48,0.14,0.5,0.0,0.5,0.22,2
308,0.57,0.61,0.45,0.26,0.5,0.0,0.5,0.22,2
309,0.63,0.62,0.42,0.12,0.5,0.0,0.52,0.25,2
310,0.25,0.4,0.51,0.18,0.5,0.0,0.5,0.27,2
311,0.56,0.62,0.53,0.24,0.5,0.0,0.57,0.22,2
312,0.58,0.6,0.51,0.24,0.5,0.0,0.53,0.22,2
313,0.71,0.59,0.53,0.15,0.5,0.0,0.49,0.33,2
314,0.46,0.35,0.33,0.17,0.5,0.0,0.55,0.22,6
315,0.54,0.55,0.42,0.22,0.5,0.0,0.48,0.22,6
316,0.39,0.44,0.28,0.12,0.5,0.0,0.46,0.27,6
317,0.33,0.44,0.49,0.08,0.5,0.0,0.48,0.49,1
318,0.81,0.82,0.41,0.36,0.5,0.0,0.39,0.22,4
319,0.69,0.6,0.51,0.13,0.5,0.83,0.52,0.22,8
320,0.46,0.48,0.44,0.21,0.5,0.0,0.55,0.22,8
321,0.35,0.36,0.57,0.17,0.5,0.0,0.52,0.22,2
322,0.74,0.72,0.47,0.25,0.5,0.0,0.57,0.22,3
323,0.54,0.57,0.52,0.19,0.5,0.0,0.59,0.67,1
324,0.42,0.52,0.4,0.17,0.5,0.0,0.5,0.26,6
325,0.91,0.77,0.34,0.47,0.5,0.0,0.52,0.31,3
326,0.81,0.9,0.39,0.41,0.5,0.0,0.53,0.22,5
327,0.45,0.4,0.56,0.14,0.5,0.0,0.54,0.22,2
328,0.47,0.47,0.58,0.16,0.5,0.0,0.49,0.28,2
329,0.41,0.39,0.51,0.52,0.5,0.0,0.49,0.22,2
330,0.37,0.34,0.32,0.22,0.5,0.0,0.56,0.22,6
331,0.69,0.6,0.5,0.31,0.5,0.0,0.55,0.22,2
332,0.35,0.56,0.36,0.3,0.5,0.0,0.53,0.25,6
333,0.84,0.66,0.36,0.78,0.5,0.0,0.49,0.5,3
334,0.51,0.58,0.54,0.29,0.5,0.0,0.53,0.22,2
335,0.37,0.43,0.62,0.27,0.5,0.0,0.48,0.22,1
336,0.55,0.66,0.57,0.32,0.5,0.0,0.57,0.34,2
337,0.48,0.35,0.42,0.21,0.5,0.0,0.57,0.22,2
338,0.62,0.58,0.52,0.15,0.5,0.0,0.52,0.29,2
339,0.56,0.59,0.53,0.16,0.5,0.0,0.24,0.42,1
340,0.44,0.51,0.37,0.15,0.5,0.0,0.51,0.22,6
341,0.44,0.44,0.49,0.15,0.5,0.0,0.46,0.27,1
342,0.5,0.5,0.48,0.17,0.5,0.0,0.47,0.26,2
343,0.6,0.6,0.49,0.3,0.5,0.0,0.53,0.22,1
344,0.49,0.46,0.34,0.21,0.5,0.0,0.55,0.22,6
345,0.35,0.68,0.57,0.4,0.5,0.0,0.53,0.36,1
346,0.7,0.69,0.43,0.33,0.5,0.0,0.58,0.22,3
347,0.23,0.3,0.58,0.22,0.5,0.0,0.48,0.27,1
348,0.45,0.42,0.52,0.2,0.5,0.0,0.5,0.25,2
349,0.51,0.35,0.46,0.15,0.5,0.0,0.51,0.42,2
350,0.42,0.39,0.47,0.13,0.5,0.0,0.5,0.27,2
351,0.32,0.38,0.52,0.2,0.5,0.0,0.52,0.28,2
352,0.59,0.65,0.52,0.3,0.5,0.0,0.46,0.31,2
353,0.41,0.52,0.41,0.11,0.5,0.0,0.54,0.35,2
354,0.37,0.33,0.5,0.12,0.5,0.0,0.51,0.54,2
355,0.45,0.56,0.49,0.17,0.5,0.0,0.52,0.22,2
356,0.56,0.54,0.59,0.14,0.5,0.0,0.52,0.27,1
357,0.31,0.31,0.54,0.18,0.5,0.0,0.52,0.29,1
358,0.27,0.51,0.47,0.35,0.5,0.0,0.49,0.28,1
359,0.54,0.56,0.57,0.18,0.5,0.0,0.45,0.25,1
360,0.17,0.38,0.45,0.09,0.5,0.0,0.54,0.27,1
361,0.43,0.51,0.54,0.15,0.5,0.0,0.45,0.26,1
362,0.6,0.4,0.59,0.18,0.5,0.0,0.48,0.22,2
363,0.91,0.69,0.57,0.45,0.5,0.0,0.56,0.22,5
364,0.38,0.47,0.53,0.12,0.5,0.0,0.48,0.22,2
365,0.59,0.43,0.52,0.19,0.5,0.0,0.55,0.27,2
366,0.64,0.53,0.45,0.13,0.5,0.0,0.53,0.22,2
367,0.49,0.31,0.34,0.13,0.5,0.0,0.52,0.22,6
368,0.52,0.51,0.51,0.12,0.5,0.0,0.51,0.4,2
369,0.49,0.43,0.48,0.15,0.5,0.0,0.55,0.25,2
370,0.49,0.47,0.52,0.16,0.5,0.0,0.53,0.28,2
371,0.48,0.39,0.49,0.18,0.5,0.0,0.51,0.22,2
372,0.44,0.34,0.55,0.18,0.5,0.0,0.52,0.22,2
373,0.43,0.54,0.58,0.16,0.5,0.0,0.5,0.36,1
374,0.49,0.42,0.54,0.17,0.5,0.0,0.5,0.36,2
375,0.34,0.66,0.51,0.16,0.5,0.0,0.47,0.33,1
376,0.2,0.34,0.33,0.1,0.5,0.0,0.48,0.31,6
377,0.74,0.53,0.5,0.08,0.5,0.0,0.55,0.31,2
378,0.69,0.48,0.38,0.15,0.5,0.0,0.55,0.22,5
379,0.3,0.5,0.47,0.11,0.5,0.0,0.46,0.22,2
380,0.44,0.51,0.48,0.38,0.5,0.0,0.52,0.22,2
381,0.31,0.45,0.5,0.17,0.5,0.0,0.49,0.22,2
382,0.55,0.41,0.56,0.21,0.5,0.0,0.52,0.22,2
383,0.4,0.34,0.52,0.17,0.5,0.0,0.47,0.51,1
384,0.4,0.48,0.5,0.17,0.5,0.0,0.54,0.5,2
385,0.58,0.48,0.56,0.1,0.5,0.0,0.46,0.25,1
386,0.58,0.48,0.56,0.12,0.5,0.0,0.46,0.25,1
387,0.58,0.45,0.48,0.24,0.5,0.0,0.52,0.37,2
388,0.58,0.41,0.51,0.26,0.5,0.0,0.51,0.37,2
389,0.41,0.6,0.53,0.29,0.5,0.0,0.47,0.43,1
390,0.69,0.5,0.49,0.42,0.5,0.0,0.49,0.22,0
391,0.38,0.49,0.61,0.13,0.5,0.0,0.54,0.22,2
392,0.6,0.48,0.44,0.52,0.5,0.0,0.54,0.63,1
393,0.47,0.49,0.63,0.17,0.5,0.0,0.31,0.26,1
394,0.28,0.51,0.55,0.11,0.5,0.0,0.46,0.22,1
395,0.56,0.57,0.63,0.39,1.0,0.0,0.59,0.4,1
396,0.21,0.38,0.49,0.16,0.5,0.0,0.51,0.45,2
397,0.46,0.57,0.57,0.15,0.5,0.0,0.52,0.26,1
398,0.43,0.42,0.54,0.22,0.5,0.0,0.57,0.33,1
399,0.57,0.59,0.5,0.58,0.5,0.0,0.53,0.22,0
400,0.48,0.34,0.47,0.14,0.5,0.0,0.47,0.26,2
401,0.35,0.4,0.53,0.18,0.5,0.0,0.42,0.38,2
402,0.47,0.45,0.53,0.62,0.5,0.0,0.46,0.22,0
403,0.53,0.43,0.47,0.15,0.5,0.0,0.58,0.22,2
404,0.46,0.45,0.56,0.16,0.5,0.0,0.56,0.22,2
405,0.44,0.42,0.62,0.14,0.5,0.0,0.55,0.37,1
406,0.37,0.34,0.58,0.24,0.5,0.0,0.44,0.18,1
407,0.37,0.34,0.58,0.24,0.5,0.0,0.44,0.18,1
408,0.39,0.39,0.55,0.52,0.5,0.0,0.37,0.16,1
409,0.39,0.39,0.55,0.52,0.5,0.0,0.37,0.16,1
410,0.48,0.46,0.38,0.29,0.5,0.0,0.53,0.22,6
411,0.48,0.57,0.5,0.09,0.5,0.0,0.52,0.42,1
412,0.61,0.57,0.45,0.21,0.5,0.0,0.5,0.42,1
413,0.56,0.44,0.56,0.19,0.5,0.0,0.54,0.22,2
414,0.51,0.63,0.3,0.35,0.5,0.0,0.53,0.27,6
415,0.53,0.68,0.34,0.42,0.5,0.0,0.54,0.27,6
416,0.37,0.22,0.64,0.35,0.5,0.0,0.47,0.22,1
417,0.51,0.48,0.58,0.22,0.5,0.0,0.5,0.28,1
418,0.49,0.37,0.59,0.17,0.5,0.0,0.51,0.22,1
419,0.51,0.48,0.58,0.22,0.5,0.0,0.5,0.28,1
420,0.53,0.53,0.53,0.17,0.5,0.0,0.49,0.37,1
421,0.29,0.68,0.47,0.26,0.5,0.0,0.47,0.37,1
422,0.5,0.45,0.49,0.15,0.5,0.0,0.55,0.43,1
423,0.33,0.28,0.31,0.24,0.5,0.0,0.53,0.22,6
424,0.85,0.85,0.3,0.31,0.5,0.0,0.55,0.42,3
425,0.43,0.39,0.51,0.28,0.5,0.0,0.4,0.22,1
426,0.61,0.54,0.49,0.16,0.5,0.0,0.54,0.42,2
427,0.34,0.35,0.61,0.19,0.5,0.0,0.52,0.25,1
428,0.55,0.53,0.56,0.29,0.5,0.0,0.48,0.22,0
429,0.66,0.62,0.52,0.17,0.5,0.0,0.49,0.22,2
430,0.44,0.41,0.58,0.2,0.5,0.0,0.57,0.25,2
431,0.37,0.62,0.34,0.25,0.5,0.0,0.51,0.22,6
432,0.45,0.56,0.51,0.64,0.5,0.0,0.54,0.22,0
433,0.38,0.46,0.52,0.75,0.5,0.0,0.5,0.26,0
434,0.61,0.54,0.49,0.19,0.5,0.0,0.54,0.47,2
435,0.44,0.53,0.52,0.37,0.5,0.0,0.5,0.22,1
436,0.44,0.53,0.52,0.37,0.5,0.0,0.5,0.22,1
437,0.32,0.34,0.61,0.17,0.5,0.0,0.52,0.32,1
438,0.34,0.34,0.61,0.18,0.5,0.0,0.52,0.32,1
439,0.51,0.68,0.49,0.59,0.5,0.0,0.54,0.27,0
440,0.41,0.3,0.49,0.28,0.5,0.0,0.54,0.22,2
441,0.41,0.43,0.5,0.28,0.5,0.0,0.5,0.22,2
442,0.3,0.5,0.34,0.26,0.5,0.0,0.51,0.22,6
443,0.49,0.4,0.34,0.26,0.5,0.0,0.5,0.22,6
444,0.34,0.4,0.3,0.23,0.5,0.0,0.51,0.22,6
445,0.43,0.44,0.3,0.18,0.5,0.0,0.51,0.22,6
446,0.43,0.45,0.37,0.12,0.5,0.0,0.48,0.22,6
447,0.45,0.57,0.3,0.17,0.5,0.0,0.51,0.22,6
448,0.45,0.57,0.3,0.17,0.5,0.0,0.51,0.22,6
449,0.42,0.44,0.33,0.17,0.5,0.0,0.54,0.27,6
450,0.52,0.5,0.53,0.1,0.5,0.0,0.48,0.22,8
451,0.53,0.56,0.49,0.46,0.5,0.0,0.52,0.22,0
452,0.45,0.54,0.54,0.62,0.5,0.0,0.53,0.22,0
453,0.51,0.43,0.63,0.18,0.5,0.0,0.52,0.22,2
454,0.51,0.52,0.48,0.5,0.5,0.0,0.51,0.22,0
455,0.55,0.49,0.5,0.46,0.5,0.0,0.52,0.25,0
456,0.5,0.46,0.52,0.16,0.5,0.0,0.52,0.26,2
457,0.5,0.53,0.45,0.44,0.5,0.0,0.49,0.22,0
458,0.45,0.59,0.53,0.74,0.5,0.0,0.47,0.25,0
459,0.57,0.61,0.55,0.67,0.5,0.0,0.48,0.22,0
460,0.54,0.45,0.62,0.13,0.5,0.0,0.52,0.26,1
461,0.67,0.51,0.53,0.28,0.5,0.0,0.51,0.22,0
462,0.35,0.49,0.47,0.22,0.5,0.0,0.5,0.28,0
463,0.47,0.63,0.66,0.45,0.5,0.0,0.37,0.11,0
464,0.51,0.34,0.43,0.18,0.5,0.0,0.48,0.25,2
465,0.56,0.45,0.59,0.14,0.5,0.0,0.51,0.26,1
466,0.45,0.38,0.59,0.18,0.5,0.0,0.44,0.45,1
467,0.43,0.51,0.6,0.25,0.5,0.0,0.55,0.22,2
468,0.47,0.59,0.43,0.13,0.5,0.0,0.56,0.3,6
469,0.4,0.45,0.42,0.17,0.5,0.0,0.54,0.26,6
470,0.89,0.81,0.36,0.71,0.5,0.0,0.55,0.63,3
471,0.58,0.55,0.52,0.22,0.5,0.0,0.44,0.22,0
472,0.59,0.57,0.46,0.14,0.5,0.0,0.52,0.22,0
473,0.49,0.41,0.32,0.21,0.5,0.0,0.5,0.32,6
474,0.35,0.53,0.35,0.33,0.5,0.0,0.5,0.32,6
475,0.42,0.32,0.61,0.13,0.5,0.0,0.14,0.27,1
476,0.5,0.46,0.42,0.32,0.5,0.0,0.56,0.55,6
477,0.68,0.5,0.43,0.27,0.5,0.0,0.61,0.22,5
478,0.5,0.45,0.49,0.3,0.5,0.0,0.47,0.4,1
479,0.46,0.41,0.5,0.44,0.5,0.0,0.53,0.22,0
480,0.32,0.36,0.34,0.19,0.5,0.0,0.55,0.26,6
481,0.4,0.51,0.42,0.13,0.5,0.0,0.45,0.25,6
482,0.7,0.73,0.37,0.37,0.5,0.0,0.48,0.31,3
483,0.81,0.76,0.32,0.37,0.5,0.0,0.51,0.22,5
484,0.65,0.61,0.39,0.3,0.5,0.0,0.57,0.28,6
485,0.47,0.43,0.35,0.32,0.5,0.0,0.54,0.22,6
486,0.42,0.25,0.6,0.14,0.5,0.0,0.45,0.22,2
487,0.23,0.34,0.41,0.28,0.5,0.0,0.5,0.27,1
488,0.85,0.56,0.33,0.38,1.0,0.0,0.55,0.25,9
489,0.34,0.31,0.6,0.37,0.5,0.0,0.5,0.3,1
490,0.59,0.53,0.47,0.26,0.5,0.0,0.53,0.31,1
491,0.67,0.63,0.34,0.41,0.5,0.0,0.6,0.33,3
492,0.7,0.73,0.38,0.36,0.5,0.0,0.54,0.22,3
493,0.54,0.51,0.54,0.52,0.5,0.0,0.47,0.25,0
494,0.53,0.5,0.54,0.56,0.5,0.0,0.49,0.41,0
495,0.84,0.63,0.38,0.23,0.5,0.0,0.53,0.22,4
496,0.89,0.77,0.36,0.34,0.5,0.0,0.44,0.22,4
497,0.48,0.43,0.45,0.17,0.5,0.0,0.48,0.37,6
498,0.36,0.35,0.47,0.22,0.5,0.0,0.44,0.31,6
499,0.57,0.49,0.48,0.16,0.5,0.0,0.51,0.22,1
500,0.43,0.52,0.53,0.52,1.0,0.0,0.49,0.22,2
501,0.38,0.49,0.54,1.0,0.5,0.0,0.5,0.27,2
502,0.43,0.32,0.56,0.27,0.5,0.0,0.47,0.27,1
503,0.84,0.87,0.45,0.54,0.5,0.0,0.28,0.22,3
504,0.27,0.56,0.56,0.18,0.5,0.0,0.52,0.22,2
505,0.89,0.82,0.6,0.49,0.5,0.0,0.55,0.22,5
506,0.86,0.92,0.5,0.37,1.0,0.0,0.53,0.32,9
507,0.37,0.55,0.29,0.32,0.5,0.0,0.51,0.22,6
508,0.87,0.83,0.57,0.36,0.5,0.0,0.36,0.22,4
509,0.43,0.45,0.54,0.14,0.5,0.0,0.5,0.31,2
510,0.52,0.48,0.54,0.28,0.5,0.0,0.54,0.22,1
511,0.77,0.6,0.42,0.33,0.5,0.0,0.57,0.22,5
512,0.76,0.74,0.56,0.34,0.5,0.0,0.51,0.3,5
513,0.58,0.76,0.4,0.37,0.5,0.0,0.54,0.3,5
514,0.94,0.6,0.33,0.49,0.5,0.0,0.54,0.22,5
515,0.36,0.44,0.57,0.18,0.5,0.0,0.42,0.22,0
516,0.42,0.51,0.39,0.22,0.5,0.0,0.49,0.26,6
517,0.52,0.48,0.58,0.55,0.5,0.0,0.48,0.22,2
518,0.42,0.32,0.48,0.16,0.5,0.0,0.55,0.22,7
519,0.43,0.38,0.51,0.24,0.5,0.0,0.46,0.33,1
520,0.48,0.57,0.52,0.61,0.5,0.0,0.51,0.22,0
521,0.83,0.53,0.52,0.2,0.5,0.0,0.48,0.25,5
522,0.36,0.34,0.46,0.19,0.5,0.0,0.52,0.22,5
523,0.51,0.43,0.47,0.19,0.5,0.0,0.52,0.37,2
524,0.54,0.54,0.49,0.14,0.5,0.0,0.56,0.22,2
525,0.44,0.41,0.44,0.13,0.5,0.0,0.49,0.42,1
526,0.52,0.62,0.54,0.19,0.5,0.0,0.5,0.22,0
527,0.46,0.4,0.38,0.18,0.5,0.0,0.49,0.22,6
528,0.68,0.5,0.55,0.65,0.5,0.0,0.46,0.31,0
529,0.53,0.44,0.47,0.22,0.5,0.0,0.53,0.22,1
530,0.48,0.48,0.5,0.47,0.5,0.0,0.55,0.22,0
531,0.46,0.14,0.36,0.21,0.5,0.0,0.5,0.25,6
532,0.5,0.45,0.48,0.17,0.5,0.0,0.5,0.26,2
533,0.44,0.53,0.43,0.17,0.5,0.0,0.54,0.75,1
534,0.46,0.47,0.46,0.16,0.5,0.0,0.51,0.22,2
535,0.52,0.49,0.57,0.57,0.5,0.0,0.51,0.22,1
536,0.62,0.64,0.56,0.2,0.5,0.0,0.48,0.33,1
537,0.46,0.32,0.58,0.17,0.5,0.0,0.61,0.25,1
538,0.78,0.48,0.47,0.3,0.5,0.0,0.53,0.47,5
539,0.49,0.62,0.65,0.18,0.5,0.0,0.46,0.43,1
540,0.5,0.34,0.62,0.19,0.5,0.0,0.57,0.22,2
541,0.39,0.37,0.33,0.23,0.5,0.0,0.53,0.26,6
542,0.39,0.37,0.56,0.15,0.5,0.0,0.5,0.27,2
543,0.33,0.37,0.54,0.28,0.5,0.0,0.53,0.27,1
544,0.39,0.37,0.33,0.23,0.5,0.0,0.52,0.26,6
545,0.33,0.38,0.53,0.26,0.5,0.0,0.52,0.27,1
546,0.48,0.51,0.57,0.24,0.5,0.0,0.5,0.22,2
547,0.5,0.62,0.54,0.66,0.5,0.0,0.49,0.22,0
548,0.47,0.54,0.54,0.48,0.5,0.0,0.53,0.26,0
549,0.72,0.58,0.42,0.28,0.5,0.0,0.48,0.22,0
550,0.41,0.41,0.51,0.19,0.5,0.0,0.57,0.22,0
551,0.81,0.65,0.52,0.41,0.5,0.0,0.57,0.26,0
552,0.5,0.49,0.52,0.2,0.5,0.0,0.43,0.52,1
553,0.18,0.48,0.46,0.12,0.5,0.0,0.0,0.25,1
554,0.26,0.38,0.52,0.36,0.5,0.0,0.48,0.56,1
555,0.53,0.51,0.51,0.11,0.5,0.0,0.49,0.41,1
556,0.58,0.49,0.5,0.41,0.5,0.0,0.57,0.22,0
557,0.62,0.6,0.47,0.16,0.5,0.0,0.53,0.22,2
558,0.68,0.58,0.51,0.19,0.5,0.83,0.54,0.22,8
559,0.4,0.52,0.53,0.52,0.5,0.0,0.51,0.22,0
560,0.51,0.47,0.41,0.44,0.5,0.0,0.5,0.22,6
561,0.72,0.56,0.4,0.26,0.5,0.0,0.51,0.26,5
562,0.49,0.44,0.45,0.22,0.5,0.0,0.51,0.22,2
563,0.32,0.47,0.55,0.25,0.5,0.0,0.49,0.22,0
564,0.46,0.57,0.52,0.28,0.5,0.0,0.52,0.22,1
565,0.53,0.48,0.45,0.44,0.5,0.0,0.49,0.27,0
566,0.49,0.48,0.46,0.63,0.5,0.0,0.52,0.22,0
567,0.7,0.53,0.42,0.22,0.5,0.0,0.51,0.28,1
568,0.68,0.68,0.49,0.15,0.5,0.0,0.53,0.22,4
569,0.47,0.6,0.35,0.21,0.5,0.0,0.52,0.22,6
570,0.55,0.49,0.45,0.18,0.5,0.0,0.49,0.22,1
571,0.4,0.53,0.61,0.21,0.5,0.0,0.48,0.33,1
572,0.57,0.44,0.42,0.2,0.5,0.0,0.54,0.22,2
573,0.4,0.47,0.48,0.18,0.5,0.0,0.46,0.22,2
574,0.34,0.54,0.54,0.13,0.5,0.0,0.52,0.22,2
575,0.43,0.83,0.55,0.2,0.5,0.0,0.47,0.4,1
576,0.55,0.65,0.5,0.28,0.5,0.0,0.55,0.22,1
577,0.29,0.46,0.54,0.27,0.5,0.0,0.49,0.22,2
578,0.46,0.42,0.6,0.21,0.5,0.0,0.4,0.22,4
579,0.8,0.81,0.55,0.35,0.5,0.0,0.42,0.22,4
580,0.79,0.74,0.49,0.33,0.5,0.0,0.48,0.22,4
581,0.45,0.48,0.63,0.67,0.5,0.0,0.48,0.22,0
582,0.66,0.52,0.52,0.44,0.5,0.0,0.56,0.27,0
583,0.5,0.49,0.59,0.47,0.5,0.0,0.49,0.36,0
584,0.54,0.52,0.54,0.2,0.5,0.0,0.55,0.25,1
585,0.37,0.31,0.53,0.16,0.5,0.0,0.53,0.44,1
586,0.43,0.39,0.59,0.13,0.5,0.0,0.41,0.43,1
587,0.48,0.47,0.54,0.55,0.5,0.0,0.51,0.65,0
588,0.6,0.59,0.45,0.23,0.5,0.0,0.55,0.22,0
589,0.45,0.73,0.47,0.65,0.5,0.0,0.54,0.43,0
590,0.66,0.54,0.49,0.16,0.5,0.0,0.54,0.36,1
591,0.46,0.55,0.61,0.13,0.5,0.0,0.47,0.22,2
592,0.42,0.5,0.53,0.22,0.5,0.83,0.5,0.22,8
593,0.66,0.66,0.32,0.54,0.5,0.0,0.51,0.22,5
594,0.74,0.56,0.35,0.36,0.5,0.0,0.51,0.25,5
595,0.89,0.52,0.41,0.26,0.5,0.0,0.52,0.31,5
596,0.67,0.51,0.54,0.21,0.5,0.0,0.43,0.3,0
597,0.58,0.46,0.46,0.34,0.5,0.0,0.5,0.43,1
598,0.4,0.68,0.5,0.82,0.5,0.0,0.44,0.36,0
599,0.59,0.57,0.43,0.26,0.5,0.0,0.51,0.22,0
600,0.39,0.3,0.56,0.12,0.5,0.0,0.53,0.38,1
601,0.6,0.62,0.54,0.4,0.5,0.0,0.5,0.22,0
602,0.36,0.4,0.53,0.48,0.5,0.0,0.48,0.22,0
603,0.51,0.42,0.56,0.38,0.5,0.0,0.46,0.22,0
604,0.41,0.54,0.58,0.2,0.5,0.0,0.52,0.22,0
605,0.57,0.4,0.62,0.3,0.5,0.0,0.48,0.11,0
606,0.52,0.5,0.59,0.31,0.5,0.0,0.5,0.22,0
607,0.42,0.53,0.53,0.64,0.5,0.0,0.47,0.22,0
608,0.5,0.46,0.64,0.36,0.5,0.0,0.49,0.22,0
609,0.6,0.51,0.6,0.38,0.5,0.83,0.52,0.24,0
610,0.45,0.38,0.64,0.14,0.5,0.0,0.54,0.22,0
611,0.6,0.57,0.64,0.52,0.5,0.0,0.47,0.28,0
612,0.53,0.42,0.58,0.29,0.5,0.0,0.5,0.22,0
613,0.41,0.52,0.53,0.41,0.5,0.0,0.39,0.33,0
614,0.45,0.43,0.63,0.4,0.5,0.0,0.59,0.11,0
615,0.44,0.44,0.67,0.35,0.5,0.0,0.48,0.26,0
616,0.58,0.52,0.61,0.33,0.5,0.0,0.38,0.11,0
617,0.57,0.61,0.55,0.27,0.5,0.0,0.44,0.21,0
618,0.57,0.58,0.58,0.35,0.5,0.0,0.49,0.22,0
619,0.64,0.64,0.56,0.21,0.5,0.0,0.5,0.22,0
620,0.56,0.5,0.61,0.49,0.5,0.0,0.46,0.28,0
621,0.6,0.46,0.59,0.16,0.5,0.0,0.49,0.22,0
622,0.36,0.38,0.56,0.44,0.5,0.0,0.48,0.22,0
623,0.53,0.52,0.61,0.35,0.5,0.0,0.5,0.22,0
624,0.62,0.59,0.54,0.47,0.5,0.0,0.46,0.22,0
625,0.55,0.5,0.6,0.31,0.5,0.0,0.46,0.27,0
626,0.58,0.53,0.57,0.46,0.5,0.0,0.51,0.27,0
627,0.65,0.53,0.55,0.52,0.5,0.0,0.47,0.27,0
628,0.38,0.54,0.54,0.41,0.5,0.0,0.51,0.22,0
629,0.58,0.53,0.5,0.53,0.5,0.0,0.47,0.31,0
630,0.61,0.46,0.51,0.37,0.5,0.0,0.51,0.22,0
631,0.55,0.59,0.47,0.64,0.5,0.0,0.54,0.33,0
632,0.54,0.64,0.5,0.13,0.5,0.0,0.49,0.22,0
633,0.4,0.74,0.49,0.16,0.5,0.0,0.51,0.22,0
634,0.76,0.76,0.35,0.27,0.5,0.0,0.44,0.22,3
635,0.51,0.56,0.51,0.42,0.5,0.0,0.53,0.36,0
636,0.43,0.32,0.5,0.29,0.5,0.0,0.5,0.22,0
637,0.49,0.44,0.45,0.55,0.5,0.0,0.48,0.22,0
638,0.32,0.45,0.44,0.2,0.5,0.0,0.55,0.33,1
639,0.51,0.6,0.51,0.26,0.5,0.0,0.54,0.22,1
640,0.49,0.46,0.42,0.46,0.5,0.0,0.55,0.22,1
641,0.5,0.56,0.49,0.61,0.5,0.0,0.5,0.22,0
642,0.51,0.48,0.51,0.43,0.5,0.0,0.49,0.22,0
643,0.52,0.38,0.62,0.12,0.5,0.0,0.41,0.28,1
644,0.53,0.4,0.57,0.12,0.5,0.0,0.53,0.32,1
645,0.51,0.56,0.62,0.24,0.5,0.0,0.52,0.51,1
646,0.63,0.6,0.5,0.27,0.5,0.0,0.55,0.22,0
647,0.46,0.44,0.53,0.31,0.5,0.0,0.48,0.22,0
648,0.58,0.57,0.54,0.69,0.5,0.0,0.54,0.22,0
649,0.61,0.59,0.47,0.49,0.5,0.0,0.54,0.22,0
650,0.63,0.47,0.56,0.12,0.5,0.0,0.5,0.22,0
651,0.55,0.53,0.54,0.4,0.5,0.0,0.48,0.22,0
652,0.41,0.47,0.58,0.62,0.5,0.0,0.5,0.22,0
653,0.44,0.53,0.53,0.37,0.5,0.0,0.51,0.22,0
654,0.57,0.4,0.48,0.24,0.5,0.0,0.55,0.22,2
655,0.46,0.46,0.56,0.12,0.5,0.0,0.55,0.22,0
656,0.47,0.46,0.55,0.28,0.5,0.0,0.44,0.46,1
657,0.39,0.35,0.49,0.17,0.5,0.0,0.49,0.22,1
658,0.58,0.38,0.4,0.21,0.5,0.0,0.5,0.22,2
659,0.53,0.41,0.5,0.24,1.0,0.0,0.47,0.22,2
660,0.43,0.4,0.5,0.18,0.5,0.0,0.5,0.28,2
661,0.41,0.59,0.46,0.19,0.5,0.0,0.36,0.22,4
662,0.58,0.56,0.52,0.25,0.5,0.0,0.57,0.35,1
663,0.51,0.65,0.53,0.19,0.5,0.0,0.49,0.22,4
664,0.81,0.79,0.32,0.37,0.5,0.0,0.41,0.22,3
665,0.44,0.41,0.29,0.21,0.5,0.0,0.49,0.22,6
666,0.49,0.6,0.55,0.17,0.5,0.0,0.44,0.22,2
667,0.56,0.63,0.52,0.2,0.5,0.0,0.34,0.26,1
668,0.42,0.28,0.57,0.18,0.5,0.0,0.42,0.22,1
669,0.51,0.46,0.54,0.41,0.5,0.0,0.53,0.22,0
670,0.6,0.51,0.52,0.45,0.5,0.0,0.5,0.27,0
671,0.37,0.41,0.45,0.14,0.5,0.0,0.47,0.22,2
672,0.37,0.51,0.57,0.4,0.5,0.0,0.48,0.27,0
673,0.36,0.39,0.55,0.26,0.5,0.0,0.49,0.22,1
674,0.5,0.36,0.53,0.41,0.5,0.0,0.55,0.36,2
675,0.59,0.58,0.39,0.52,0.5,0.0,0.5,0.31,2
676,0.78,0.63,0.53,0.13,0.5,0.0,0.54,0.22,5
677,0.47,0.59,0.37,0.31,0.5,0.0,0.51,0.36,1
678,0.48,0.62,0.52,0.3,0.5,0.0,0.51,0.37,1
679,0.53,0.61,0.51,0.49,0.5,0.0,0.54,0.27,0
680,0.48,0.54,0.53,0.6,0.5,0.0,0.53,0.31,1
681,0.33,0.46,0.53,0.29,0.5,0.0,0.5,0.55,1
682,0.36,0.44,0.51,0.17,0.5,0.0,0.6,0.19,1
683,0.39,0.34,0.68,0.3,0.5,0.0,0.5,0.29,1
684,0.11,0.41,0.67,0.13,0.5,0.0,0.45,0.29,1
685,0.4,0.53,0.44,0.18,0.5,0.0,0.54,0.31,1
686,0.47,0.5,0.55,0.19,0.5,0.0,0.62,0.22,2
687,0.35,0.5,0.44,0.27,0.5,0.0,0.51,0.22,2
688,0.36,0.3,0.5,0.19,0.5,0.0,0.55,0.3,1
689,0.49,0.44,0.51,0.18,0.5,0.0,0.52,0.27,2
690,0.35,0.44,0.54,0.26,0.5,0.0,0.52,0.26,1
691,0.43,0.28,0.53,0.34,0.5,0.0,0.55,0.57,1
692,0.33,0.48,0.55,0.16,0.5,0.0,0.53,0.75,1
693,0.45,0.21,0.49,0.24,0.5,0.0,0.46,0.31,1
694,0.44,0.34,0.61,0.13,0.5,0.0,0.49,0.26,1
695,0.87,0.47,0.6,0.47,0.5,0.0,0.59,0.22,1
696,0.3,0.55,0.58,0.16,0.5,0.0,0.61,0.28,1
697,0.29,0.34,0.55,0.24,0.5,0.0,0.51,0.22,2
698,0.75,0.67,0.51,0.29,0.5,0.0,0.52,0.36,0
699,0.47,0.47,0.5,0.15,0.5,0.0,0.5,0.48,1
700,0.51,0.34,0.49,0.16,0.5,0.0,0.53,0.21,1
701,0.64,0.76,0.51,0.18,0.5,0.0,0.46,0.22,1
702,0.45,0.41,0.58,0.48,0.5,0.0,0.53,0.64,1
703,0.9,0.54,0.59,0.2,0.5,0.0,0.48,0.22,1
704,0.88,0.59,0.54,0.39,0.5,0.0,0.41,0.3,1
705,0.7,0.51,0.47,0.24,0.5,0.0,0.53,0.25,1
706,0.25,0.36,0.58,0.3,0.5,0.0,0.58,0.31,1
707,0.69,0.62,0.49,0.0,1.0,0.0,0.47,0.22,1
708,0.83,0.57,0.42,0.57,0.5,0.0,0.5,0.32,5
709,0.43,0.38,0.38,0.12,0.5,0.0,0.5,0.22,5
710,0.78,0.65,0.4,0.16,0.5,0.0,0.63,0.22,0
711,0.52,0.64,0.34,0.16,0.5,0.0,0.57,0.22,0
712,0.75,0.66,0.64,0.39,0.5,0.0,0.46,0.32,0
713,0.41,0.49,0.58,0.22,0.5,0.0,0.52,0.22,0
714,0.58,0.51,0.56,0.16,0.5,0.0,0.34,0.22,1
715,0.48,0.49,0.45,0.23,0.5,0.0,0.51,0.22,6
716,0.39,0.42,0.49,0.1,0.5,0.0,0.49,0.65,1
717,0.31,0.42,0.48,0.17,0.5,0.0,0.49,0.53,1
718,0.39,0.28,0.54,0.14,0.5,0.0,0.59,0.22,0
719,0.76,0.67,0.37,0.22,0.5,0.0,0.54,0.22,5
720,0.49,0.27,0.57,0.18,0.5,0.83,0.54,0.22,8
721,0.28,0.48,0.56,0.16,0.5,0.0,0.48,0.26,2
722,0.69,0.39,0.52,0.12,0.5,0.0,0.38,0.35,2
723,0.64,0.52,0.5,0.26,0.5,0.0,0.51,0.31,1
724,0.56,0.48,0.5,0.3,0.5,0.0,0.51,0.22,2
725,0.5,0.5,0.54,0.16,0.5,0.0,0.49,0.22,8
726,0.47,0.43,0.59,0.27,0.5,0.0,0.55,0.22,8
727,0.68,0.59,0.44,0.49,0.5,0.0,0.4,0.26,8
728,0.5,0.51,0.57,0.27,0.5,0.0,0.48,0.22,8
729,0.45,0.46,0.61,0.2,0.5,0.0,0.62,0.22,2
730,0.53,0.51,0.36,0.13,0.5,0.0,0.52,0.22,6
731,0.6,0.54,0.54,0.53,0.5,0.0,0.52,0.27,0
732,0.49,0.52,0.53,0.7,0.5,0.0,0.51,0.22,0
733,0.49,0.45,0.53,0.16,0.5,0.0,0.49,0.31,2
734,0.51,0.46,0.57,0.25,0.5,0.0,0.53,0.22,2
735,0.49,0.45,0.46,0.18,0.5,0.0,0.49,0.31,2
736,0.52,0.46,0.51,0.18,0.5,0.0,0.5,0.22,2
737,0.55,0.59,0.52,0.1,0.5,0.0,0.53,0.22,2
738,0.39,0.58,0.5,0.1,0.5,0.0,0.51,0.25,2
739,0.7,0.84,0.49,0.28,1.0,0.0,0.58,0.22,9
740,0.33,0.38,0.45,0.19,0.5,0.0,0.54,0.37,1
741,0.61,0.46,0.44,0.47,0.5,0.0,0.5,0.37,1
742,0.41,0.48,0.38,0.13,0.5,0.0,0.51,0.35,6
743,0.37,0.42,0.6,0.13,0.5,0.0,0.51,0.22,1
744,0.45,0.58,0.59,0.44,0.5,0.0,0.56,0.22,0
745,0.74,0.89,0.32,0.24,0.5,0.0,0.54,0.32,3
746,0.28,0.46,0.26,0.18,0.5,0.0,0.39,0.22,7
747,0.51,0.46,0.49,0.21,0.5,0.0,0.55,0.22,7
748,0.8,0.82,0.57,0.26,0.5,0.0,0.57,0.27,7
749,0.46,0.49,0.45,0.28,0.5,0.0,0.55,0.22,7
750,0.4,0.36,0.55,0.15,0.5,0.0,0.53,0.22,7
751,0.67,0.46,0.58,0.3,0.5,0.0,0.57,0.27,1
752,0.5,0.32,0.49,0.49,0.5,0.0,0.48,0.32,0
753,0.45,0.53,0.47,0.43,0.5,0.0,0.5,0.27,0
754,0.75,0.6,0.43,0.35,0.5,0.0,0.45,0.27,0
755,0.56,0.68,0.52,0.39,0.5,0.0,0.36,0.22,0
756,0.48,0.45,0.59,0.35,0.5,0.0,0.55,0.3,0
757,0.26,0.28,0.6,0.2,0.5,0.0,0.54,0.31,0
758,0.59,0.45,0.58,0.21,0.5,0.0,0.49,0.22,0
759,0.48,0.52,0.49,0.35,0.5,0.5,0.51,0.22,0
760,0.59,0.58,0.47,0.61,0.5,0.0,0.44,0.3,0
761,0.5,0.57,0.62,0.25,0.5,0.0,0.51,0.22,0
762,0.57,0.49,0.5,0.2,0.5,0.0,0.51,0.28,2
763,0.62,0.43,0.49,0.29,0.5,0.0,0.5,0.27,2
764,0.45,0.41,0.49,0.14,1.0,0.0,0.53,0.3,2
765,0.47,0.49,0.6,0.15,0.5,0.0,0.38,0.22,2
766,0.41,0.48,0.54,0.24,0.5,0.0,0.37,0.51,1
767,0.46,0.46,0.53,0.23,0.5,0.0,0.51,0.22,2
768,0.48,0.42,0.48,0.19,0.5,0.0,0.58,0.22,2
769,0.43,0.45,0.53,0.19,0.5,0.0,0.56,0.22,2
770,0.28,0.36,0.55,0.15,0.5,0.0,0.57,0.22,2
771,0.48,0.46,0.58,0.26,0.5,0.0,0.44,0.22,1
772,0.74,0.72,0.5,0.28,0.5,0.0,0.5,0.27,4
773,0.74,0.72,0.5,0.28,0.5,0.0,0.49,0.27,4
774,0.38,0.62,0.52,0.14,0.5,0.0,0.53,0.22,2
775,0.77,0.72,0.48,0.26,0.5,0.0,0.51,0.22,4
776,0.44,0.42,0.57,0.22,0.5,0.0,0.5,0.25,1
777,0.74,0.74,0.51,0.27,0.5,0.0,0.5,0.22,4
778,0.39,0.81,0.35,0.28,0.5,0.0,0.51,0.45,6
779,0.53,0.54,0.43,0.18,0.5,0.0,0.53,0.31,1
780,0.38,0.45,0.37,0.19,0.5,0.0,0.52,0.3,6
781,0.4,0.37,0.54,0.13,0.5,0.0,0.48,0.22,1
782,0.31,0.3,0.34,0.19,0.5,0.0,0.55,0.3,6
783,0.5,0.42,0.57,0.49,0.5,0.0,0.48,0.27,1
784,0.59,0.61,0.51,0.62,0.5,0.0,0.51,0.38,0
785,0.45,0.4,0.43,0.22,0.5,0.0,0.51,0.48,1
786,0.47,0.54,0.53,0.77,0.5,0.0,0.52,0.36,0
787,0.77,0.78,0.51,0.28,0.5,0.0,0.33,0.22,4
788,0.74,0.71,0.52,0.3,0.5,0.0,0.27,0.22,4
789,0.77,0.73,0.51,0.27,0.5,0.0,0.34,0.22,4
790,0.47,0.61,0.5,0.23,0.5,0.0,0.49,0.22,6
791,0.78,0.69,0.44,0.26,0.5,0.0,0.54,0.22,3
792,0.49,0.6,0.3,0.34,0.5,0.0,0.5,0.43,6
793,0.27,0.56,0.3,0.14,0.5,0.0,0.52,0.39,6
794,0.4,0.39,0.33,0.17,0.5,0.0,0.51,0.31,7
795,0.55,0.51,0.54,0.2,0.5,0.0,0.56,0.22,2
796,0.95,0.71,0.27,0.39,0.5,0.0,0.31,0.22,5
797,0.97,0.71,0.29,0.42,0.5,0.0,0.35,0.22,5
798,0.44,0.43,0.34,0.21,0.5,0.0,0.55,0.4,6
799,0.39,0.49,0.3,0.19,0.5,0.0,0.52,0.31,6
800,0.38,0.48,0.51,0.13,0.5,0.0,0.5,0.32,1
801,0.37,0.51,0.39,0.18,0.5,0.0,0.51,0.27,6
802,0.27,0.49,0.36,0.26,0.5,0.0,0.49,0.26,6
803,0.49,0.48,0.52,0.2,0.5,0.0,0.55,0.22,1
804,0.36,0.39,0.54,0.16,0.5,0.0,0.5,0.28,1
805,0.54,0.53,0.48,0.14,0.5,0.0,0.49,0.33,1
806,0.37,0.48,0.5,0.26,0.5,0.0,0.52,0.39,1
807,0.25,0.39,0.5,0.23,0.5,0.0,0.5,0.28,1
808,0.49,0.71,0.54,0.13,0.5,0.0,0.58,0.22,1
809,0.56,0.5,0.56,0.26,0.5,0.0,0.53,0.27,1
810,0.41,0.53,0.41,0.15,0.5,0.0,0.54,0.25,1
811,0.5,0.45,0.53,0.21,0.5,0.0,0.28,0.22,1
812,0.46,0.37,0.48,0.36,0.5,0.0,0.48,0.22,8
813,0.66,0.55,0.34,0.2,0.5,0.0,0.62,0.22,6
814,0.42,0.65,0.58,0.34,0.5,0.0,0.5,0.22,0
815,0.45,0.47,0.53,0.15,0.5,0.0,0.52,0.27,2
816,0.42,0.28,0.51,0.23,0.5,0.0,0.53,0.27,1
817,0.51,0.48,0.46,0.29,0.5,0.0,0.54,0.22,2
818,0.75,0.69,0.48,0.13,0.5,0.0,0.57,0.4,7
819,0.69,0.7,0.5,0.3,0.5,0.0,0.54,0.22,7
820,0.63,0.55,0.53,0.51,0.5,0.0,0.55,0.22,7
821,0.55,0.63,0.54,0.16,0.5,0.0,0.45,0.27,2
822,0.46,0.62,0.54,0.25,0.5,0.0,0.46,0.22,2
823,0.53,0.59,0.48,0.14,0.5,0.0,0.51,0.22,2
824,0.42,0.53,0.57,0.17,0.5,0.0,0.49,0.22,2
825,0.52,0.46,0.56,0.2,0.5,0.0,0.5,0.22,2
826,0.53,0.43,0.57,0.24,0.5,0.0,0.39,0.28,2
827,0.33,0.35,0.56,0.19,0.5,0.0,0.5,0.22,1
828,0.45,0.48,0.56,0.56,0.5,0.0,0.47,0.22,1
829,0.56,0.48,0.5,0.17,0.5,0.0,0.51,0.26,2
830,0.77,0.57,0.45,0.17,0.5,0.0,0.53,0.22,2
831,0.56,0.59,0.54,0.18,0.5,0.0,0.48,0.46,1
832,0.33,0.39,0.52,0.09,0.5,0.0,0.47,0.28,1
833,0.48,0.41,0.54,0.39,0.5,0.0,0.51,0.22,1
834,0.3,0.3,0.46,0.32,0.5,0.0,0.45,0.22,1
835,0.38,0.26,0.6,0.1,0.5,0.0,0.48,0.44,1
836,0.68,0.39,0.5,0.15,0.5,0.0,0.48,0.37,1
837,0.62,0.41,0.52,0.17,0.5,0.0,0.48,0.22,1
838,0.52,0.37,0.48,0.13,0.5,0.0,0.55,0.22,1
839,0.32,0.48,0.49,0.17,0.5,0.0,0.47,0.22,1
840,0.34,0.35,0.58,0.2,0.5,0.0,0.46,0.32,1
841,0.33,0.21,0.53,0.15,1.0,0.0,0.52,0.5,1
842,0.49,0.45,0.57,0.24,0.5,0.0,0.47,0.38,1
843,0.4,0.28,0.48,0.06,0.5,0.0,0.49,0.42,1
844,0.51,0.39,0.56,0.25,0.5,0.0,0.51,0.33,1
845,0.45,0.45,0.52,0.17,0.5,0.0,0.54,0.22,2
846,0.28,0.51,0.55,0.19,0.5,0.0,0.57,0.22,2
847,0.51,0.51,0.56,0.28,0.5,0.0,0.54,0.27,2
848,0.48,0.56,0.49,0.32,0.5,0.0,0.5,0.22,2
849,0.59,0.46,0.48,0.46,0.5,0.0,0.49,0.22,2
850,0.51,0.46,0.4,0.65,0.5,0.0,0.49,0.22,0
851,0.37,0.44,0.51,0.56,0.5,0.0,0.5,0.38,1
852,0.81,0.55,0.35,0.34,0.5,0.0,0.51,0.22,5
853,0.53,0.45,0.53,0.18,0.5,0.0,0.42,0.22,2
854,0.45,0.27,0.5,0.33,0.5,0.0,0.53,0.26,2
855,0.36,0.33,0.38,0.15,0.5,0.0,0.55,0.36,6
856,0.48,0.5,0.56,0.11,0.5,0.0,0.33,0.22,2
857,0.35,0.47,0.53,0.19,0.5,0.0,0.48,0.22,2
858,0.48,0.48,0.56,0.18,0.5,0.0,0.58,0.22,2
859,0.6,0.59,0.47,0.47,0.5,0.0,0.53,0.22,0
860,0.45,0.53,0.51,0.42,0.5,0.0,0.52,0.22,0
861,0.29,0.4,0.41,0.48,0.5,0.0,0.53,0.3,1
862,0.58,0.53,0.33,0.26,0.5,0.0,0.51,0.22,6
863,0.46,0.43,0.5,0.24,0.5,0.0,0.48,0.31,2
864,0.43,0.46,0.5,0.21,0.5,0.0,0.49,0.34,2
865,0.61,0.55,0.51,0.26,0.5,0.0,0.52,0.22,2
866,0.5,0.62,0.52,0.3,0.5,0.0,0.56,0.22,0
867,0.49,0.45,0.54,0.4,0.5,0.0,0.55,0.22,0
868,0.64,0.53,0.59,0.14,0.5,0.0,0.53,0.22,0
869,0.57,0.6,0.54,0.17,0.5,0.0,0.52,0.22,0
870,0.38,0.31,0.59,0.19,0.5,0.0,0.46,0.22,0
871,0.68,0.53,0.44,0.31,0.5,0.0,0.51,0.22,0
872,0.24,0.41,0.47,0.16,0.5,0.0,0.51,0.38,1
873,0.61,0.39,0.53,0.14,0.5,0.0,0.43,0.26,1
874,0.39,0.16,0.59,0.08,0.5,0.0,0.51,0.27,1
875,0.33,0.28,0.5,0.4,0.5,0.0,0.46,0.61,1
876,0.51,0.55,0.56,0.18,0.5,0.0,0.5,0.38,1
877,0.39,0.44,0.54,0.24,0.5,0.0,0.51,0.49,1
878,0.43,0.48,0.53,0.18,0.5,0.0,0.46,0.22,1
879,0.47,0.43,0.48,0.16,0.5,0.0,0.46,0.27,1
880,0.52,0.5,0.51,0.2,0.5,0.0,0.51,0.22,1
881,0.33,0.28,0.52,0.15,0.5,0.0,0.51,0.86,1
882,0.36,0.48,0.5,0.13,0.5,0.0,0.49,0.6,1
883,0.45,0.54,0.49,0.29,0.5,0.0,0.49,0.25,1
884,0.55,0.59,0.53,0.15,0.5,0.0,0.49,0.22,1
885,0.31,0.39,0.55,0.28,0.5,0.0,0.46,0.31,1
886,0.43,0.41,0.51,0.34,0.5,0.0,0.49,0.28,1
887,0.64,0.5,0.53,0.1,0.5,0.0,0.51,0.22,1
888,0.41,0.52,0.56,0.26,0.5,0.0,0.48,0.32,1
889,0.48,0.47,0.59,0.41,0.5,0.0,0.56,0.27,1
890,0.49,0.49,0.51,0.29,0.5,0.0,0.52,0.71,1
891,0.41,0.52,0.51,0.22,0.5,0.0,0.52,0.44,1
892,0.51,0.61,0.5,0.23,0.5,0.0,0.52,0.61,1
893,0.59,0.47,0.51,0.53,0.5,0.0,0.53,0.26,2
894,0.4,0.6,0.5,0.16,0.5,0.0,0.51,0.22,2
895,0.54,0.53,0.53,0.17,0.5,0.0,0.51,0.39,1
896,0.61,0.46,0.54,0.11,0.5,0.0,0.47,0.22,2
897,0.66,0.55,0.54,0.18,0.5,0.0,0.43,0.22,2
898,0.53,0.46,0.54,0.37,0.5,0.0,0.51,0.3,1
899,0.41,0.41,0.43,0.61,0.5,0.0,0.53,0.22,0
900,0.58,0.31,0.6,0.12,0.5,0.0,0.47,0.33,1
901,0.49,0.67,0.5,0.28,0.5,0.0,0.43,0.22,1
902,0.44,0.33,0.55,0.16,0.5,0.0,0.49,0.22,1
903,0.44,0.45,0.53,0.19,0.5,0.0,0.41,0.28,1
904,0.57,0.55,0.52,0.16,0.5,0.0,0.49,0.39,1
905,0.45,0.66,0.39,0.11,0.5,0.0,0.54,0.22,6
906,0.32,0.49,0.53,0.28,0.5,0.0,0.5,0.5,1
907,0.35,0.42,0.56,0.28,0.5,0.0,0.47,0.22,1
908,0.46,0.41,0.58,0.1,0.5,0.0,0.48,0.22,1
909,0.57,0.51,0.58,0.22,0.5,0.0,0.51,0.22,1
910,0.47,0.47,0.54,0.19,0.5,0.0,0.51,0.33,1
911,0.34,0.58,0.5,0.26,0.5,0.0,0.51,0.22,1
912,0.55,0.45,0.58,0.25,0.5,0.0,0.49,0.22,1
913,0.4,0.66,0.34,0.21,0.5,0.0,0.52,0.26,1
914,0.42,0.21,0.59,0.3,0.5,0.0,0.47,0.27,1
915,0.6,0.48,0.46,0.32,0.5,0.0,0.4,0.33,2
916,0.64,0.44,0.51,0.35,0.5,0.0,0.53,0.22,2
917,0.35,0.4,0.44,0.25,0.5,0.0,0.53,0.57,1
918,0.55,0.38,0.64,0.42,0.5,0.0,0.47,0.22,0
919,0.45,0.43,0.5,0.25,0.5,0.0,0.47,0.22,0
920,0.47,0.53,0.48,0.51,0.5,0.0,0.54,0.22,0
921,0.45,0.49,0.57,0.25,0.5,0.0,0.48,0.22,1
922,0.45,0.52,0.5,0.12,0.5,0.0,0.6,0.22,2
923,0.56,0.51,0.32,0.49,0.5,0.0,0.48,0.22,1
924,0.37,0.58,0.5,0.22,0.5,0.0,0.47,0.22,1
925,0.47,0.45,0.51,0.33,0.5,0.0,0.46,0.26,1
926,0.5,0.36,0.64,0.37,0.5,0.0,0.37,0.33,1
927,0.43,0.44,0.64,0.19,0.5,0.0,0.38,0.33,1
928,0.38,0.4,0.59,0.25,0.5,0.0,0.44,0.22,2
929,0.39,0.39,0.59,0.25,0.5,0.0,0.45,0.22,2
930,0.54,0.55,0.56,0.14,0.5,0.0,0.5,0.25,2
931,0.45,0.5,0.57,0.29,0.5,0.0,0.44,0.11,2
932,0.45,0.5,0.57,0.29,0.5,0.0,0.44,0.11,2
933,0.61,0.38,0.57,0.36,0.5,0.0,0.44,0.21,2
934,0.61,0.38,0.57,0.36,0.5,0.0,0.44,0.21,2
935,0.43,0.33,0.54,0.37,0.5,0.0,0.38,0.16,2
936,0.43,0.33,0.54,0.37,0.5,0.0,0.38,0.16,2
937,0.51,0.39,0.58,0.19,0.5,0.0,0.47,0.22,2
938,0.72,0.51,0.52,0.08,0.5,0.0,0.54,0.22,1
939,0.35,0.41,0.53,0.27,0.5,0.0,0.47,0.29,1
940,0.56,0.49,0.54,0.15,0.5,0.0,0.5,0.35,1
941,0.57,0.37,0.43,0.27,0.5,0.0,0.53,0.28,1
942,0.57,0.49,0.61,0.26,0.5,0.0,0.52,0.22,1
943,0.48,0.45,0.63,0.19,0.5,0.0,0.58,0.22,1
944,0.34,0.48,0.47,0.19,0.5,0.0,0.5,0.3,1
945,0.54,0.57,0.55,0.18,0.5,0.0,0.5,0.22,1
946,0.38,0.44,0.55,0.44,0.5,0.0,0.47,0.51,1
947,0.4,0.3,0.57,0.13,0.5,0.0,0.46,0.22,1
948,0.27,0.31,0.55,0.13,0.5,0.0,0.5,0.22,1
949,0.52,0.46,0.56,0.25,0.5,0.0,0.52,0.22,1
950,0.44,0.5,0.55,0.24,0.5,0.0,0.48,0.22,1
951,0.34,0.47,0.48,0.32,0.5,0.0,0.42,0.22,1
952,0.5,0.56,0.63,0.25,0.5,0.0,0.42,0.22,1
953,0.46,0.53,0.47,0.37,0.5,0.0,0.51,0.36,1
954,0.31,0.6,0.65,0.18,0.5,0.0,0.46,0.22,1
955,0.57,0.42,0.63,0.22,0.5,0.0,0.68,0.32,1
956,0.37,0.45,0.53,0.14,0.5,0.0,0.49,0.22,1
957,0.38,0.38,0.54,0.24,0.5,0.0,0.54,0.22,1
958,0.36,0.49,0.55,0.21,0.5,0.0,0.55,0.33,1
959,0.29,0.4,0.5,0.16,0.5,0.0,0.51,0.34,1
960,0.37,0.3,0.51,0.15,0.5,0.0,0.58,0.26,1
961,0.35,0.33,0.48,0.42,0.5,0.0,0.47,0.43,2
962,0.46,0.35,0.69,0.18,0.5,0.0,0.3,0.25,2
963,0.46,0.35,0.69,0.18,0.5,0.0,0.3,0.25,2
964,0.57,0.43,0.52,0.3,0.5,0.0,0.37,0.11,2
965,0.57,0.43,0.52,0.3,0.5,0.0,0.37,0.11,2
966,0.59,0.51,0.48,0.12,0.5,0.0,0.54,0.31,2
967,0.59,0.51,0.48,0.12,0.5,0.0,0.54,0.31,2
968,0.61,0.53,0.59,0.17,0.5,0.0,0.44,0.28,2
969,0.61,0.48,0.56,0.19,0.5,0.0,0.53,0.31,2
970,0.61,0.48,0.56,0.19,0.5,0.0,0.53,0.31,2
971,0.44,0.56,0.52,0.18,0.5,0.0,0.5,0.11,2
972,0.36,0.56,0.52,0.18,0.5,0.0,0.45,0.16,2
973,0.37,0.44,0.64,0.48,0.5,0.0,0.36,0.27,2
974,0.72,0.37,0.63,0.38,0.5,0.0,0.4,0.14,2
975,0.72,0.37,0.63,0.38,0.5,0.0,0.4,0.14,2
976,0.44,0.36,0.64,0.45,0.5,0.0,0.53,0.11,2
977,0.58,0.45,0.55,0.27,0.5,0.0,0.48,0.11,2
978,0.63,0.64,0.45,0.26,0.5,0.0,0.43,0.22,2
979,0.63,0.64,0.45,0.26,0.5,0.0,0.43,0.22,2
980,0.43,0.33,0.67,0.12,0.5,0.0,0.45,0.23,2
981,0.43,0.33,0.67,0.12,0.5,0.0,0.43,0.23,2
982,0.58,0.44,0.5,0.26,0.5,0.0,0.52,0.22,2
983,0.38,0.43,0.53,0.22,0.5,0.0,0.48,0.11,2
984,0.4,0.45,0.61,0.29,0.5,0.0,0.44,0.22,2
985,0.4,0.45,0.61,0.29,0.5,0.0,0.44,0.22,2
986,0.34,0.34,0.65,0.4,0.5,0.0,0.32,0.16,2
987,0.34,0.34,0.65,0.4,0.5,0.0,0.32,0.16,2
988,0.43,0.22,0.79,0.79,0.5,0.0,0.22,0.0,2
989,0.35,0.21,1.0,0.8,0.5,0.0,0.13,0.01,2
990,0.35,0.21,1.0,0.8,0.5,0.0,0.13,0.01,2
991,0.56,0.35,0.47,0.41,0.5,0.0,0.5,0.22,2
992,0.56,0.35,0.47,0.35,0.5,0.0,0.52,0.22,2
993,0.54,0.44,0.55,0.48,0.5,0.0,0.47,0.22,2
994,0.35,0.39,0.56,0.2,0.5,0.0,0.49,0.41,2
995,0.48,0.46,0.58,0.16,0.5,0.0,0.45,0.22,2
996,0.48,0.55,0.48,0.1,0.5,0.0,0.55,0.22,2
997,0.66,0.6,0.52,0.19,0.5,0.0,0.69,0.22,2
998,0.69,0.54,0.55,0.23,0.5,0.0,0.73,0.22,2
999,0.73,0.6,0.47,0.2,0.5,0.0,0.72,0.22,2
1000,0.78,0.82,0.56,0.21,0.5,0.0,0.69,0.22,2
1001,0.42,0.49,0.49,0.36,0.5,0.0,0.57,0.26,0
1002,0.44,0.62,0.53,0.27,0.5,0.0,0.49,0.22,1
1003,0.56,0.61,0.52,0.19,0.5,0.0,0.52,0.32,1
1004,0.47,0.56,0.46,0.5,0.5,0.0,0.51,0.22,0
1005,0.46,0.33,0.45,0.22,0.5,0.0,0.41,0.37,2
1006,0.52,0.43,0.61,0.22,0.5,0.0,0.45,0.22,2
1007,0.52,0.43,0.61,0.22,0.5,0.0,0.45,0.22,2
1008,0.32,0.44,0.54,0.21,0.5,0.0,0.4,0.19,2
1009,0.32,0.44,0.54,0.21,0.5,0.0,0.4,0.19,2
1010,0.48,0.41,0.52,0.33,0.5,0.0,0.51,0.26,2
1011,0.46,0.39,0.54,0.22,0.5,0.0,0.48,0.25,2
1012,0.46,0.39,0.54,0.22,0.5,0.0,0.48,0.25,2
1013,0.42,0.5,0.64,0.13,0.5,0.0,0.49,0.22,2
1014,0.46,0.54,0.59,0.41,0.5,0.0,0.53,0.21,2
1015,0.46,0.54,0.59,0.41,0.5,0.0,0.53,0.21,2
1016,0.39,0.65,0.57,0.19,0.5,0.0,0.44,0.25,2
1017,0.39,0.65,0.57,0.19,0.5,0.0,0.43,0.25,2
1018,0.38,0.5,0.52,0.44,0.5,0.0,0.54,0.11,2
1019,0.38,0.5,0.52,0.44,0.5,0.0,0.54,0.11,2
1020,0.51,0.52,0.58,0.17,0.5,0.0,0.47,0.28,2
1021,0.57,0.48,0.54,0.22,0.5,0.0,0.5,0.11,2
1022,0.5,0.5,0.62,0.23,0.5,0.0,0.35,0.11,2
1023,0.41,0.49,0.65,0.28,0.5,0.0,0.59,0.57,2
1024,0.53,0.57,0.6,0.36,0.5,0.0,0.5,0.22,2
1025,0.53,0.57,0.6,0.36,0.5,0.0,0.5,0.22,2
1026,0.37,0.3,0.62,0.43,0.5,0.0,0.44,0.39,2
1027,0.37,0.3,0.62,0.43,0.5,0.0,0.44,0.39,2
1028,0.6,0.57,0.52,0.14,0.5,0.0,0.46,0.48,1
1029,0.42,0.38,0.52,0.29,0.5,0.0,0.42,0.22,1
1030,0.41,0.46,0.58,0.08,0.5,0.0,0.51,0.28,1
1031,0.49,0.4,0.58,0.23,0.5,0.0,0.47,0.27,2
1032,0.37,0.37,0.51,0.38,0.5,0.0,0.44,0.22,2
1033,0.57,0.5,0.4,0.08,0.5,0.0,0.47,0.22,6
1034,0.51,0.4,0.5,0.28,0.5,0.0,0.48,0.27,2
1035,0.34,0.25,0.55,0.28,0.5,0.0,0.51,0.49,2
1036,0.77,0.86,0.44,0.27,0.5,0.0,0.48,0.22,3
1037,0.59,0.54,0.53,0.14,0.5,0.0,0.48,0.22,2
1038,0.5,0.48,0.48,0.23,0.5,0.0,0.53,0.68,2
1039,0.39,1.0,0.38,0.41,0.5,0.0,0.5,0.27,0
1040,0.56,0.42,0.52,0.14,0.5,0.0,0.51,0.22,2
1041,0.39,0.46,0.33,0.18,0.5,0.0,0.53,0.22,6
1042,0.52,0.54,0.47,0.49,0.5,0.0,0.54,0.22,0
1043,0.46,0.49,0.55,0.18,0.5,0.0,0.56,0.22,1
1044,0.56,0.65,0.49,0.56,0.5,0.0,0.49,0.22,0
1045,0.53,0.51,0.55,0.57,0.5,0.0,0.46,0.22,0
1046,0.54,0.64,0.4,0.56,0.5,0.0,0.51,0.22,0
1047,0.47,0.58,0.47,0.52,0.5,0.0,0.54,0.22,0
1048,0.46,0.42,0.51,0.16,0.5,0.0,0.56,0.22,2
1049,0.6,0.51,0.49,0.18,0.5,0.0,0.53,0.38,2
1050,0.85,0.66,0.49,0.18,0.5,0.0,0.51,0.22,3
1051,0.55,0.52,0.44,0.2,0.5,0.0,0.56,0.22,5
1052,0.49,0.38,0.56,0.09,0.5,0.0,0.46,0.22,2
1053,0.38,0.4,0.53,0.12,0.5,0.0,0.55,0.22,2
1054,0.55,0.55,0.52,0.13,0.5,0.0,0.53,0.25,2
1055,0.46,0.44,0.58,0.17,0.5,0.0,0.55,0.22,2
1056,0.34,0.46,0.52,0.19,0.5,0.0,0.53,0.26,2
1057,0.58,0.56,0.46,0.14,0.5,0.0,0.51,0.22,2
1058,0.46,0.47,0.44,0.18,1.0,0.0,0.46,0.22,5
1059,0.44,0.71,0.5,0.21,0.5,0.0,0.54,0.27,2
1060,0.56,0.49,0.32,0.22,0.5,0.0,0.5,0.22,5
1061,0.41,0.49,0.47,0.09,0.5,0.0,0.49,0.22,2
1062,0.44,0.51,0.53,0.3,0.5,0.0,0.53,0.22,2
1063,0.54,0.51,0.56,0.15,0.5,0.0,0.54,0.31,2
1064,0.51,0.51,0.32,0.27,0.5,0.0,0.54,0.22,6
1065,0.46,0.38,0.51,0.2,0.5,0.0,0.51,0.22,2
1066,0.55,0.72,0.35,0.26,0.5,0.0,0.49,0.22,6
1067,0.54,0.44,0.35,0.19,0.5,0.0,0.51,0.27,6
1068,0.65,0.66,0.37,0.12,0.5,0.0,0.52,0.27,6
1069,0.41,0.4,0.56,0.17,0.5,0.0,0.56,0.22,2
1070,0.39,0.71,0.38,0.14,0.5,0.0,0.5,0.22,5
1071,0.37,0.42,0.46,0.15,0.5,0.0,0.51,0.31,5
1072,0.59,0.55,0.57,0.18,0.5,0.0,0.51,0.22,2
1073,0.48,0.51,0.5,0.24,0.5,0.0,0.54,0.38,2
1074,0.39,0.3,0.63,0.2,0.5,0.0,0.43,0.47,2
1075,0.47,0.52,0.54,0.25,0.5,0.0,0.54,0.29,0
1076,0.77,0.82,0.4,0.36,0.5,0.0,0.38,0.22,3
1077,0.52,0.55,0.39,0.09,1.0,0.0,0.55,0.25,6
1078,0.42,0.28,0.33,0.23,0.5,0.0,0.39,0.26,6
1079,0.47,0.37,0.46,0.28,0.5,0.0,0.52,0.99,1
1080,0.48,0.5,0.47,0.29,0.5,0.0,0.46,0.27,1
1081,0.3,0.33,0.55,0.12,0.5,0.0,0.53,0.38,2
1082,0.49,0.49,0.52,0.18,0.5,0.0,0.51,0.25,1
1083,0.54,0.59,0.57,0.34,0.5,0.0,0.49,0.22,1
1084,0.7,0.78,0.53,0.24,0.5,0.0,0.48,0.22,7
1085,0.85,0.69,0.34,0.31,0.5,0.0,0.57,0.3,3
1086,0.56,0.59,0.45,0.15,0.5,0.0,0.54,0.22,0
1087,0.47,0.56,0.53,0.44,0.5,0.0,0.53,0.22,0
1088,0.53,0.49,0.47,0.21,0.5,0.0,0.53,0.22,2
1089,0.7,0.57,0.34,0.19,0.5,0.0,0.53,0.27,5
1090,0.42,0.43,0.67,0.7,0.5,0.0,0.42,0.25,2
1091,0.47,0.44,0.53,0.18,0.5,0.0,0.47,0.29,1
1092,0.4,0.49,0.53,0.23,0.5,0.0,0.44,0.26,1
1093,0.45,0.65,0.51,0.17,0.5,0.0,0.49,0.22,1
1094,0.42,0.42,0.55,0.31,0.5,0.0,0.43,0.22,1
1095,0.45,0.41,0.53,0.49,0.5,0.0,0.49,0.31,1
1096,0.42,0.28,0.49,0.22,0.5,0.0,0.55,0.34,1
1097,0.47,0.5,0.47,0.22,0.5,0.0,0.53,0.45,1
1098,0.33,0.42,0.55,0.23,0.5,0.0,0.52,0.43,1
1099,0.56,0.55,0.57,0.15,0.5,0.0,0.54,0.25,2
1100,0.37,0.47,0.49,0.12,0.5,0.0,0.47,0.31,1
1101,0.32,0.6,0.48,0.13,0.5,0.0,0.53,0.22,1
1102,0.38,0.42,0.31,0.35,0.5,0.0,0.52,0.22,6
1103,0.46,0.56,0.56,0.25,0.5,0.0,0.43,0.22,1
1104,0.47,0.55,0.57,0.17,0.5,0.0,0.52,0.66,1
1105,0.37,0.55,0.52,0.13,0.5,0.0,0.42,0.8,2
1106,0.46,0.48,0.38,0.22,0.5,0.0,0.39,0.45,6
1107,0.8,0.69,0.53,0.33,0.5,0.0,0.51,0.22,5
1108,0.52,0.65,0.36,0.37,0.5,0.0,0.52,0.34,6
1109,0.19,0.16,0.68,0.36,0.5,0.0,0.49,0.21,1
1110,0.64,0.31,0.53,0.15,0.5,0.0,0.53,0.31,2
1111,0.4,0.43,0.36,0.33,0.5,0.0,0.51,0.22,6
1112,0.47,0.56,0.51,0.2,0.5,0.0,0.52,0.59,1
1113,0.4,0.75,0.44,0.12,0.5,0.0,0.49,0.22,1
1114,0.48,0.55,0.58,0.18,0.5,0.0,0.38,0.69,1
1115,0.57,0.51,0.34,0.13,0.5,0.0,0.53,0.27,0
1116,0.23,0.37,0.32,0.13,0.5,0.0,0.53,0.22,0
1117,0.54,0.5,0.51,0.26,0.5,0.0,0.52,0.22,2
1118,0.6,0.64,0.56,0.36,0.5,0.0,0.46,0.27,2
1119,0.27,0.41,0.24,0.2,0.5,0.0,0.49,0.22,6
1120,0.25,0.35,0.22,0.18,0.5,0.0,0.46,0.22,6
1121,0.39,0.45,0.51,0.29,0.5,0.0,0.54,0.22,2
1122,0.33,0.47,0.55,0.24,0.5,0.0,0.45,0.67,1
1123,0.37,0.4,0.38,0.18,0.5,0.0,0.51,0.22,6
1124,0.43,0.47,0.47,0.18,0.5,0.0,0.47,0.22,2
1125,0.66,0.43,0.57,0.6,0.5,0.0,0.19,0.33,1
1126,0.55,0.4,0.62,0.22,0.5,0.0,0.37,0.28,1
1127,0.33,0.46,0.6,0.18,0.5,0.0,0.51,0.26,1
1128,0.51,0.5,0.54,0.11,0.5,0.0,0.6,0.22,1
1129,0.54,0.6,0.57,0.17,0.5,0.0,0.44,0.22,1
1130,0.45,0.57,0.38,0.28,0.5,0.0,0.53,0.31,6
1131,0.55,0.57,0.51,0.07,0.5,0.0,0.55,0.22,2
1132,0.54,0.47,0.58,0.4,0.5,0.0,0.46,0.27,0
1133,0.36,0.32,0.55,0.27,0.5,0.0,0.47,0.43,1
1134,0.46,0.41,0.45,0.23,0.5,0.0,0.48,0.22,1
1135,0.4,0.39,0.6,0.23,0.5,0.0,0.52,0.31,1
1136,0.52,0.47,0.58,0.18,0.5,0.0,0.34,0.11,2
1137,0.52,0.47,0.58,0.18,0.5,0.0,0.34,0.11,2
1138,0.5,0.45,0.51,0.19,0.5,0.0,0.53,0.25,2
1139,0.57,0.55,0.51,0.18,0.5,0.0,0.51,0.43,1
1140,0.44,0.43,0.46,0.28,0.5,0.0,0.45,0.29,1
1141,0.46,0.5,0.5,0.28,0.5,0.0,0.5,0.37,1
1142,0.66,0.65,0.54,0.4,0.5,0.0,0.51,0.22,4
1143,0.77,0.73,0.49,0.46,0.5,0.0,0.38,0.22,4
1144,0.38,0.58,0.46,0.21,0.5,0.0,0.52,0.22,1
1145,0.32,0.68,0.51,0.16,0.5,0.83,0.55,0.22,8
1146,0.27,0.46,0.52,0.17,0.5,0.0,0.49,0.44,1
1147,0.52,0.45,0.45,0.13,0.5,0.0,0.48,0.22,1
1148,0.37,0.29,0.45,0.15,0.5,0.0,0.49,0.22,1
1149,0.37,0.48,0.67,0.37,0.5,0.0,0.56,0.62,1
1150,0.44,0.59,0.54,0.18,0.5,0.0,0.49,0.22,1
1151,0.48,0.65,0.36,0.24,0.5,0.0,0.54,0.31,1
1152,0.59,0.49,0.45,0.22,0.5,0.0,0.45,0.31,1
1153,0.73,0.52,0.59,0.25,0.5,0.0,0.51,0.22,1
1154,0.5,0.43,0.5,0.17,0.5,0.0,0.46,0.47,1
1155,0.23,0.13,0.51,0.16,0.5,0.0,0.53,0.51,1
1156,0.49,0.6,0.54,0.35,0.5,0.0,0.53,0.46,1
1157,0.52,0.31,0.56,0.16,0.5,0.0,0.55,0.22,1
1158,0.49,0.48,0.51,0.21,0.5,0.0,0.53,0.22,1
1159,0.49,0.6,0.42,0.18,0.5,0.0,0.58,0.28,1
1160,0.6,0.62,0.54,0.11,0.5,0.0,0.51,0.22,1
1161,0.55,0.47,0.53,0.2,0.5,0.0,0.4,0.22,1
1162,0.47,0.32,0.51,0.24,0.5,0.0,0.54,0.27,1
1163,0.53,0.25,0.59,0.27,0.5,0.0,0.45,0.26,1
1164,0.31,0.5,0.54,0.32,0.5,0.0,0.53,0.31,1
1165,0.25,0.33,0.48,0.18,0.5,0.0,0.42,0.33,1
1166,0.55,0.46,0.47,0.15,0.5,0.0,0.47,0.22,6
1167,0.61,0.5,0.61,0.21,0.5,0.0,0.55,0.54,2
1168,0.5,0.52,0.51,0.22,0.5,0.0,0.46,0.37,2
1169,0.62,0.33,0.49,0.24,0.5,0.0,0.51,0.42,2
1170,0.56,0.52,0.46,0.17,0.5,0.0,0.49,0.73,2
1171,0.52,0.56,0.55,0.16,0.5,0.0,0.53,0.39,2
1172,0.53,0.48,0.51,0.18,0.5,0.0,0.52,0.27,2
1173,0.51,0.48,0.51,0.19,0.5,0.0,0.51,0.27,2
1174,0.51,0.48,0.51,0.26,0.5,0.0,0.51,0.27,2
1175,0.53,0.48,0.51,0.18,0.5,0.0,0.51,0.27,2
1176,0.6,0.46,0.51,0.1,0.5,0.0,0.48,0.31,2
1177,0.6,0.46,0.51,0.1,0.5,0.0,0.48,0.31,2
1178,0.44,0.39,0.63,0.11,0.5,0.0,0.49,0.26,1
1179,0.51,0.5,0.49,0.45,0.5,0.0,0.48,0.22,0
1180,0.45,0.45,0.51,0.3,0.5,0.0,0.48,0.44,2
1181,0.38,0.42,0.47,0.12,0.5,0.0,0.47,0.53,1
1182,0.19,0.66,0.6,0.14,0.5,0.0,0.2,0.25,1
1183,0.41,0.42,0.23,0.16,0.5,0.0,0.4,0.22,6
1184,0.25,0.42,0.21,0.14,0.5,0.0,0.41,0.22,6
1185,0.7,0.58,0.53,0.39,0.5,0.0,0.59,0.22,4
1186,0.49,0.31,0.43,0.24,0.5,0.0,0.54,0.22,6
1187,0.46,0.41,0.43,0.18,0.5,0.0,0.54,0.22,6
1188,0.83,0.81,0.45,0.38,0.5,0.0,0.4,0.26,4
1189,0.38,0.51,0.56,0.21,0.5,0.0,0.48,0.31,1
1190,0.32,0.36,0.28,0.38,0.5,0.0,0.5,0.4,6
1191,0.4,0.65,0.38,0.17,0.5,0.0,0.57,0.22,6
1192,0.36,0.37,0.63,0.25,0.5,0.0,0.3,0.22,2
1193,0.49,0.55,0.41,0.19,0.5,0.0,0.48,0.31,6
1194,0.3,0.45,0.55,0.19,0.5,0.0,0.53,0.4,2
1195,0.88,0.72,0.32,0.3,0.5,0.0,0.52,0.33,3
1196,0.44,0.4,0.53,0.19,0.5,0.0,0.48,0.27,2
1197,0.45,0.57,0.52,0.21,0.5,0.0,0.54,0.38,1
1198,0.46,0.61,0.38,0.35,0.5,0.0,0.49,0.22,6
1199,0.55,0.41,0.67,0.61,0.5,0.0,0.49,0.14,0
1200,0.28,0.18,0.72,0.26,0.5,0.0,0.49,0.25,0
1201,0.66,0.65,0.53,0.17,0.5,0.0,0.47,0.66,1
1202,0.36,0.5,0.39,0.23,0.5,0.0,0.5,0.22,6
1203,0.48,0.54,0.56,0.29,0.5,0.0,0.51,0.43,1
1204,0.33,0.37,0.49,0.22,0.5,0.0,0.55,0.22,2
1205,0.58,0.43,0.32,0.11,0.5,0.0,0.49,0.22,7
1206,0.58,0.64,0.42,0.3,0.5,0.0,0.54,0.22,1
1207,0.74,0.82,0.46,0.24,0.5,0.0,0.5,0.31,4
1208,0.74,0.82,0.46,0.24,0.5,0.0,0.48,0.22,4
1209,0.75,0.76,0.58,0.22,0.5,0.0,0.49,0.22,4
1210,0.58,0.37,0.58,0.16,0.5,0.0,0.51,0.22,1
1211,0.39,0.39,0.65,0.16,0.5,0.0,0.45,0.22,2
1212,0.51,0.59,0.55,0.21,0.5,0.0,0.52,0.22,2
1213,0.41,0.35,0.6,0.22,0.5,0.0,0.56,0.79,2
1214,0.43,0.28,0.41,0.32,0.5,0.0,0.52,0.22,6
1215,0.41,0.49,0.55,0.13,0.5,0.0,0.55,0.22,2
1216,0.23,0.29,0.46,0.0,0.5,0.0,0.43,0.31,2
1217,0.25,0.48,0.45,0.32,0.5,0.0,0.4,0.22,2
1218,0.38,0.34,0.55,0.44,0.5,0.0,0.48,0.26,2
1219,0.61,0.54,0.54,0.38,0.5,0.0,0.54,0.29,0
1220,0.48,0.17,0.37,0.33,0.5,0.0,0.44,0.36,1
1221,0.47,0.47,0.5,0.19,0.5,0.0,0.51,0.26,1
1222,0.55,0.38,0.52,0.16,0.5,0.0,0.49,0.64,1
1223,0.41,0.39,0.61,0.17,0.5,0.0,0.5,0.61,1
1224,0.41,0.56,0.53,0.16,0.5,0.0,0.55,0.26,1
1225,0.78,0.73,0.27,0.28,0.5,0.0,0.56,0.22,3
1226,0.31,0.51,0.38,0.18,0.5,0.0,0.46,0.31,6
1227,0.63,0.64,0.49,0.2,0.5,0.0,0.52,0.25,2
1228,0.31,0.4,0.31,0.17,0.5,0.0,0.52,0.22,6
1229,0.44,0.65,0.49,0.16,0.5,0.0,0.48,0.31,1
1230,0.48,0.44,0.46,0.37,0.5,0.0,0.46,0.36,2
1231,0.5,0.49,0.46,0.22,0.5,0.0,0.53,0.25,2
1232,0.62,0.42,0.47,0.16,0.5,0.0,0.52,0.22,2
1233,0.5,0.45,0.52,0.18,0.5,0.0,0.52,0.22,2
1234,0.59,0.51,0.47,0.21,0.5,0.0,0.47,0.22,2
1235,0.39,0.47,0.49,0.2,0.5,0.0,0.53,0.26,2
1236,0.49,0.48,0.52,0.24,0.5,0.0,0.5,0.22,2
1237,0.59,0.48,0.49,0.42,0.5,0.0,0.52,0.22,2
1238,0.57,0.35,0.5,0.43,0.5,0.0,0.53,0.22,2
1239,0.61,0.52,0.5,0.44,0.5,0.0,0.53,0.22,2
1240,0.49,0.51,0.52,0.13,0.5,0.0,0.51,0.33,1
1241,0.45,0.4,0.56,0.15,0.5,0.0,0.52,0.22,1
1242,0.63,0.43,0.48,0.11,0.5,0.0,0.51,0.22,2
1243,0.63,0.43,0.48,0.11,0.5,0.0,0.51,0.22,2
1244,0.52,0.45,0.53,0.34,0.5,0.0,0.52,0.44,2
1245,0.54,0.48,0.55,0.33,0.5,0.0,0.55,0.4,2
1246,0.55,0.79,0.45,0.25,0.5,0.0,0.51,0.22,1
1247,0.58,0.51,0.63,0.2,0.5,0.0,0.5,0.42,1
1248,0.63,0.58,0.57,0.1,0.5,0.0,0.52,0.33,1
1249,0.54,0.67,0.56,0.15,0.5,0.0,0.57,0.33,1
1250,0.41,0.59,0.65,0.14,0.5,0.0,0.49,0.33,1
1251,0.47,0.38,0.5,0.15,0.5,0.0,0.49,0.47,1
1252,0.33,0.17,0.52,0.13,0.5,0.0,0.51,0.75,1
1253,0.42,0.5,0.59,0.17,0.5,0.0,0.51,0.22,2
1254,0.54,0.55,0.55,0.4,0.5,0.0,0.53,0.22,2
1255,0.31,0.31,0.57,0.15,0.5,0.0,0.5,0.22,2
1256,0.38,0.42,0.5,0.19,0.5,0.0,0.44,0.22,2
1257,0.33,0.36,0.62,0.26,0.5,0.0,0.55,0.22,2
1258,0.38,0.42,0.5,0.19,0.5,0.0,0.44,0.22,2
1259,0.47,0.56,0.58,0.19,0.5,0.0,0.44,0.64,2
1260,0.32,0.32,0.52,0.18,0.5,0.0,0.48,0.34,2
1261,0.28,0.27,0.5,0.14,0.5,0.0,0.5,0.28,2
1262,0.41,0.46,0.57,0.25,0.5,0.0,0.57,0.38,2
1263,0.44,0.54,0.51,0.16,0.5,0.0,0.58,0.22,2
1264,0.44,0.55,0.51,0.16,0.5,0.0,0.6,0.22,2
1265,0.77,0.7,0.44,0.29,0.5,0.0,0.56,0.22,3
1266,0.4,0.56,0.53,0.15,0.5,0.0,0.49,0.22,2
1267,0.79,0.79,0.42,0.26,0.5,0.0,0.6,0.22,3
1268,0.8,0.83,0.43,0.24,0.5,0.0,0.54,0.22,3
1269,0.58,0.55,0.51,0.13,0.5,0.0,0.52,0.22,2
1270,0.55,0.69,0.51,0.12,0.5,0.0,0.51,0.22,2
1271,0.47,0.46,0.53,0.12,0.5,0.0,0.51,0.25,1
1272,0.57,0.29,0.63,0.22,0.5,0.0,0.49,0.27,1
1273,0.52,0.49,0.59,0.21,0.5,0.0,0.47,0.22,1
1274,0.41,0.42,0.53,0.17,0.5,0.0,0.48,0.58,1
1275,0.45,0.36,0.5,0.19,0.5,0.0,0.53,0.7,1
1276,0.53,0.51,0.54,0.21,0.5,0.0,0.45,0.22,1
1277,0.49,0.5,0.42,0.43,0.5,0.0,0.5,0.36,7
1278,0.44,0.49,0.49,0.27,0.5,0.0,0.52,0.22,2
1279,0.25,0.26,0.53,0.17,0.5,0.0,0.45,0.22,2
1280,0.49,0.46,0.54,0.18,0.5,0.0,0.35,0.22,2
1281,0.42,0.37,0.54,0.17,0.5,0.0,0.51,0.22,2
1282,0.42,0.45,0.75,0.21,0.5,0.0,0.48,0.22,2
1283,0.39,0.45,0.75,0.17,0.5,0.0,0.51,0.22,2
1284,0.63,0.54,0.53,0.27,0.5,0.0,0.49,0.22,2
1285,0.54,0.43,0.48,0.27,0.5,0.0,0.44,0.41,2
1286,0.4,0.44,0.5,0.13,0.5,0.0,0.52,0.39,2
1287,0.55,0.39,0.39,0.47,0.5,0.0,0.5,0.83,6
1288,0.59,0.48,0.41,0.53,0.5,0.0,0.48,0.56,6
1289,0.49,0.38,0.49,0.15,0.5,0.0,0.53,0.25,1
1290,0.53,0.45,0.52,0.29,0.5,0.0,0.55,0.38,0
1291,0.62,0.6,0.54,0.22,0.5,0.0,0.54,0.27,2
1292,0.33,0.46,0.53,0.12,0.5,0.0,0.5,0.27,2
1293,0.57,0.36,0.51,0.25,0.5,0.0,0.54,0.25,2
1294,0.45,0.76,0.51,0.25,0.5,0.0,0.59,0.22,2
1295,0.48,0.44,0.51,0.24,0.5,0.0,0.49,0.22,2
1296,0.59,0.64,0.44,0.26,0.5,0.0,0.5,0.22,2
1297,0.79,0.56,0.53,0.19,0.5,0.0,0.47,0.35,2
1298,0.5,0.5,0.48,0.34,0.5,0.0,0.52,0.27,1
1299,0.79,0.62,0.35,0.35,0.5,0.0,0.6,0.28,5
1300,0.52,0.5,0.6,0.2,0.5,0.0,0.52,0.22,2
1301,0.59,0.46,0.57,0.17,0.5,0.0,0.52,0.22,2
1302,0.53,0.42,0.53,0.19,0.5,0.0,0.47,0.22,2
1303,0.59,0.46,0.55,0.17,0.5,0.0,0.52,0.25,2
1304,0.61,0.73,0.5,0.58,0.5,0.0,0.5,0.22,0
1305,0.5,0.43,0.56,0.17,0.5,0.0,0.35,0.22,1
1306,0.36,0.52,0.61,0.33,0.5,0.0,0.52,0.37,1
1307,0.66,0.54,0.53,0.17,0.5,0.0,0.54,0.22,2
1308,0.52,0.51,0.48,0.12,0.5,0.0,0.54,0.31,2
1309,0.56,0.46,0.51,0.25,0.5,0.0,0.54,0.22,2
1310,0.47,0.46,0.49,0.27,0.5,0.0,0.59,0.22,2
1311,0.5,0.46,0.49,0.27,0.5,0.0,0.6,0.22,2
1312,0.43,0.48,0.36,0.26,0.5,0.0,0.52,0.22,6
1313,0.5,0.44,0.57,0.28,0.5,0.0,0.57,0.22,2
1314,0.46,0.47,0.62,0.3,0.5,0.0,0.38,0.22,2
1315,0.59,0.7,0.46,0.19,0.5,0.0,0.54,0.44,2
1316,0.19,0.41,0.55,0.13,0.5,0.0,0.52,0.25,2
1317,0.27,0.43,0.5,0.13,0.5,0.0,0.54,0.31,2
1318,0.42,0.46,0.44,0.17,0.5,0.0,0.51,0.42,2
1319,0.49,0.36,0.47,0.28,0.5,0.0,0.56,0.54,1
1320,0.42,0.51,0.33,0.16,0.5,0.0,0.54,0.22,6
1321,0.34,0.42,0.48,0.19,0.5,0.0,0.46,0.31,1
1322,0.6,0.57,0.63,0.22,0.5,0.0,0.5,0.49,1
1323,0.53,0.44,0.54,0.52,0.5,0.0,0.49,0.38,1
1324,0.48,0.39,0.56,0.23,0.5,0.0,0.6,0.22,2
1325,0.56,0.49,0.47,0.13,0.5,0.0,0.52,0.22,1
1326,0.47,0.59,0.56,0.09,0.5,0.0,0.5,0.22,2
1327,0.4,0.28,0.58,0.44,0.5,0.0,0.41,0.22,2
1328,0.54,0.35,0.55,0.19,0.5,0.0,0.3,0.22,2
1329,0.5,0.47,0.45,0.14,0.5,0.0,0.53,0.32,6
1330,0.55,0.49,0.6,0.18,0.5,0.0,0.51,0.22,1
1331,0.55,0.44,0.5,0.09,0.5,0.0,0.55,0.22,7
1332,0.66,0.37,0.6,0.25,0.5,0.0,0.69,0.22,0
1333,0.51,0.49,0.48,0.55,0.5,0.0,0.52,0.58,2
1334,0.36,0.51,0.51,0.17,0.5,0.0,0.52,0.22,7
1335,0.68,0.68,0.35,0.16,0.5,0.0,0.62,0.22,7
1336,0.44,0.35,0.55,0.14,0.5,0.0,0.52,0.22,7
1337,0.73,0.59,0.35,0.15,0.5,0.0,0.54,0.22,7
1338,0.6,0.37,0.52,0.15,0.5,0.0,0.55,0.26,7
1339,0.64,0.61,0.56,0.15,0.5,0.0,0.54,0.22,7
1340,0.48,0.58,0.58,0.12,0.5,0.0,0.49,0.22,7
1341,0.65,0.58,0.53,0.21,0.5,0.0,0.51,0.22,7
1342,0.48,0.49,0.49,0.26,0.5,0.0,0.39,0.27,7
1343,0.57,0.54,0.32,0.15,0.5,0.0,0.52,0.25,7
1344,0.4,0.36,0.32,0.16,0.5,0.0,0.51,0.27,7
1345,0.5,0.55,0.52,0.16,0.5,0.0,0.51,0.31,2
1346,0.65,0.63,0.47,0.22,0.5,0.0,0.52,0.27,2
1347,0.41,0.48,0.51,0.2,0.5,0.0,0.51,0.22,2
1348,0.25,0.4,0.54,0.16,0.5,0.0,0.43,0.22,2
1349,0.63,0.56,0.52,0.21,0.5,0.0,0.5,0.22,2
1350,0.56,0.68,0.42,0.36,0.5,0.0,0.49,0.22,2
1351,0.57,0.47,0.48,0.17,0.5,0.0,0.52,0.26,7
1352,0.46,0.52,0.51,0.13,0.5,0.0,0.47,0.22,2
1353,0.5,0.4,0.57,0.17,0.5,0.0,0.59,0.22,2
1354,0.78,0.71,0.35,0.25,0.5,0.0,0.49,0.22,3
1355,0.64,0.56,0.52,0.17,0.5,0.0,0.54,0.47,1
1356,1.0,0.8,0.29,0.36,0.5,0.0,0.52,0.22,3
1357,0.51,0.39,0.56,0.55,0.5,0.0,0.46,0.64,0
1358,0.69,0.66,0.36,0.09,0.5,0.0,0.56,0.22,3
1359,0.4,0.45,0.45,0.15,0.5,0.0,0.53,0.48,1
1360,0.49,0.53,0.36,0.15,0.5,0.0,0.52,0.27,6
1361,0.39,0.63,0.41,0.27,0.5,0.0,0.49,0.22,6
1362,0.45,0.51,0.43,0.22,0.5,0.0,0.57,0.22,1
1363,0.77,0.78,0.27,0.37,0.5,0.0,0.49,0.22,3
1364,0.88,0.75,0.41,0.36,0.5,0.0,0.43,0.22,5
1365,0.49,0.49,0.4,0.2,0.5,0.0,0.48,0.26,6
1366,0.57,0.53,0.6,0.28,0.5,0.0,0.52,0.45,1
1367,0.53,0.52,0.49,0.27,0.5,0.0,0.51,0.22,2
1368,0.5,0.47,0.56,0.31,0.5,0.0,0.56,0.26,2
1369,0.71,0.79,0.41,0.38,0.5,0.0,0.54,0.22,3
1370,0.33,0.49,0.46,0.22,0.5,0.0,0.53,0.33,6
1371,0.47,0.41,0.46,0.18,0.5,0.0,0.53,0.22,6
1372,0.45,0.39,0.46,0.29,0.5,0.0,0.42,0.22,0
1373,0.59,0.56,0.5,0.48,0.5,0.0,0.46,0.22,0
1374,0.32,0.3,0.57,0.38,0.5,0.0,0.5,0.25,1
1375,0.26,0.3,0.37,0.15,0.5,0.0,0.53,0.25,6
1376,0.28,0.41,0.46,0.18,0.5,0.0,0.47,0.39,1
1377,0.45,0.5,0.43,0.16,0.5,0.0,0.52,0.28,6
1378,0.24,0.25,0.57,0.28,0.5,0.0,0.51,0.11,2
1379,0.46,0.61,0.55,0.29,0.5,0.0,0.49,0.22,0
1380,0.54,0.44,0.38,0.22,0.5,0.0,0.54,0.3,6
1381,0.22,0.53,0.36,0.22,0.5,0.0,0.54,0.31,6
1382,0.25,0.41,0.47,0.14,0.5,0.0,0.56,0.68,1
1383,0.43,0.41,0.37,0.18,0.5,0.0,0.54,0.31,6
1384,0.4,0.44,0.47,0.25,0.5,0.0,0.54,0.56,1
1385,0.46,0.59,0.38,0.12,0.5,0.0,0.5,0.22,6
1386,0.8,0.82,0.4,0.31,0.5,0.0,0.57,0.25,3
1387,0.29,0.39,0.46,0.36,0.5,0.0,0.51,0.22,1
1388,0.4,0.4,0.43,0.19,0.5,0.83,0.48,0.22,8
1389,0.57,0.52,0.46,0.2,0.5,0.83,0.52,0.41,8
1390,0.43,0.6,0.4,0.12,0.5,0.0,0.49,0.29,6
1391,0.56,0.71,0.47,0.21,0.5,0.0,0.52,0.22,0
1392,0.65,0.62,0.26,0.33,0.5,0.0,0.55,0.22,6
1393,0.77,0.7,0.37,0.12,0.5,0.0,0.49,0.26,3
1394,0.47,0.61,0.32,0.27,0.5,0.0,0.5,0.3,6
1395,0.71,0.51,0.49,0.23,0.5,0.0,0.3,0.32,5
1396,0.59,0.48,0.49,0.49,0.5,0.0,0.36,0.32,2
1397,0.58,0.63,0.52,0.7,0.5,0.0,0.46,0.22,0
1398,0.3,0.68,0.41,0.17,0.5,0.0,0.51,0.22,6
1399,0.74,0.73,0.32,0.2,0.5,0.0,0.55,0.22,3
1400,0.55,0.35,0.36,0.29,0.5,0.0,0.51,0.22,6
1401,0.35,0.32,0.31,0.16,0.5,0.0,0.56,0.22,6
1402,0.67,0.61,0.39,0.24,0.5,0.0,0.51,0.22,6
1403,0.69,0.57,0.39,0.19,0.5,0.0,0.48,0.39,5
1404,0.47,0.41,0.53,0.27,0.5,0.0,0.47,0.25,0
1405,0.39,0.56,0.34,0.18,0.5,0.0,0.49,0.22,6
1406,0.51,0.38,0.42,0.21,0.5,0.0,0.46,0.34,6
1407,0.32,0.45,0.39,0.14,0.5,0.0,0.45,0.22,6
1408,0.75,0.73,0.35,0.33,0.5,0.0,0.49,0.28,3
1409,0.54,0.54,0.56,0.18,0.5,0.0,0.46,0.29,1
1410,0.71,0.64,0.42,0.28,0.5,0.0,0.43,0.22,4
1411,0.28,0.48,0.36,0.16,0.5,0.0,0.53,0.22,6
1412,0.58,0.44,0.45,0.32,0.5,0.0,0.52,0.37,1
1413,0.52,0.65,0.36,0.26,0.5,0.0,0.44,0.22,6
1414,0.64,0.44,0.56,0.15,0.5,0.0,0.56,0.22,2
1415,0.48,0.58,0.47,0.17,0.5,0.0,0.53,0.74,2
1416,0.42,0.71,0.45,0.15,0.5,0.0,0.48,0.22,6
1417,0.38,0.37,0.36,0.14,0.5,0.0,0.54,0.22,6
1418,0.4,0.4,0.44,0.37,0.5,0.0,0.53,0.25,1
1419,0.38,0.56,0.38,0.16,0.5,0.0,0.53,0.22,6
1420,0.8,0.79,0.43,0.25,0.5,0.0,0.52,0.22,4
1421,0.63,0.65,0.42,0.18,0.5,0.0,0.54,0.27,6
1422,0.47,0.4,0.63,0.19,0.5,0.0,0.52,0.32,1
1423,0.83,0.94,0.32,0.21,0.5,0.0,0.51,0.22,3
1424,0.61,0.76,0.3,0.16,0.5,0.0,0.45,0.41,6
1425,0.33,0.38,0.47,0.14,0.5,0.0,0.51,0.47,1
1426,0.38,0.67,0.33,0.17,0.5,0.0,0.51,0.22,6
1427,0.39,0.33,0.33,0.23,0.5,0.0,0.47,0.22,6
1428,0.5,0.63,0.45,0.13,0.5,0.0,0.45,0.32,6
1429,0.2,0.6,0.5,0.29,0.5,0.0,0.51,0.22,6
1430,0.29,0.26,0.43,0.17,0.5,0.0,0.55,0.3,6
1431,0.51,0.46,0.41,0.36,0.5,0.0,0.49,0.22,6
1432,0.92,0.66,0.52,0.23,0.5,0.0,0.53,0.22,3
1433,0.49,0.56,0.37,0.2,0.5,0.0,0.53,0.22,6
1434,0.86,0.78,0.34,0.15,0.5,0.0,0.53,0.22,5
1435,0.38,0.44,0.57,0.14,0.5,0.0,0.53,0.52,1
1436,0.72,0.73,0.41,0.28,0.5,0.0,0.44,0.22,3
1437,0.8,0.73,0.47,0.19,0.5,0.0,0.49,0.22,3
1438,0.49,0.55,0.35,0.23,0.5,0.0,0.57,0.22,6
1439,0.63,0.71,0.44,0.53,0.5,0.0,0.52,0.22,5
1440,0.6,0.68,0.3,0.27,0.5,0.0,0.55,0.22,6
1441,0.4,0.43,0.49,0.17,0.5,0.0,0.51,0.36,1
1442,0.82,0.63,0.47,0.18,0.5,0.0,0.5,0.22,8
1443,0.77,0.68,0.35,0.19,0.5,0.0,0.53,0.43,3
1444,0.51,0.59,0.46,0.13,0.5,0.0,0.48,0.22,0
1445,0.52,0.46,0.34,0.2,0.5,0.0,0.51,0.25,6
1446,0.47,0.5,0.6,0.63,0.5,0.0,0.38,0.16,2
1447,0.34,0.24,0.51,0.15,0.5,0.0,0.54,0.4,1
1448,0.35,0.29,0.46,0.14,0.5,0.0,0.54,0.66,1
1449,0.58,0.67,0.49,0.16,0.5,0.0,0.47,0.28,0
1450,0.85,0.85,0.3,0.31,0.5,0.0,0.55,0.42,3
1451,0.36,0.48,0.61,0.26,0.5,0.0,0.5,0.16,1
1452,0.41,0.25,0.59,0.44,0.5,0.0,0.6,0.69,1
1453,0.3,0.37,0.4,0.45,0.5,0.0,0.48,0.41,6
1454,0.57,0.59,0.49,0.86,0.5,0.0,0.47,0.22,1
1455,0.38,0.4,0.39,0.19,0.5,0.0,0.46,0.62,1
1456,0.77,0.74,0.37,0.29,0.5,0.0,0.45,0.22,3
1457,0.47,0.38,0.58,0.19,0.5,0.0,0.57,0.22,2
1458,0.5,0.61,0.44,0.2,0.5,0.0,0.49,0.22,0
1459,0.41,0.45,0.46,0.23,0.5,0.0,0.5,0.7,2
1460,0.46,0.62,0.46,0.54,0.5,0.0,0.51,0.27,0
1461,0.74,0.75,0.45,0.44,0.5,0.0,0.52,0.22,8
1462,0.52,0.53,0.58,0.69,0.5,0.0,0.5,0.22,0
1463,0.41,0.47,0.5,0.14,0.5,0.0,0.53,0.37,1
1464,0.25,0.4,0.52,0.15,0.5,0.0,0.56,0.28,1
1465,0.58,0.56,0.38,0.39,0.5,0.0,0.54,0.57,1
1466,0.32,0.29,0.29,0.08,0.5,0.0,0.52,0.22,6
1467,0.38,0.48,0.57,0.3,0.5,0.0,0.41,0.11,2
1468,0.39,0.58,0.47,0.18,0.5,0.0,0.48,0.22,0
1469,0.38,0.47,0.47,0.18,0.5,0.0,0.44,0.26,0
1470,0.63,0.57,0.5,0.48,0.5,0.0,0.51,0.22,0
1471,0.51,0.45,0.62,0.25,0.5,0.0,0.59,0.22,0
1472,0.59,0.67,0.54,0.19,0.5,0.0,0.48,0.6,1
1473,0.6,0.61,0.54,0.11,0.5,0.0,0.46,0.22,2
1474,0.48,0.61,0.57,0.17,0.5,0.0,0.45,0.22,2
1475,0.71,0.5,0.5,0.18,0.5,0.0,0.46,0.22,2
1476,0.61,0.48,0.54,0.25,0.5,0.0,0.5,0.22,2
1477,0.38,0.32,0.64,0.41,0.5,0.0,0.44,0.11,2
1478,0.38,0.4,0.66,0.35,0.5,0.0,0.43,0.11,2
1479,0.81,0.62,0.43,0.17,0.5,0.0,0.53,0.22,5
1480,0.47,0.43,0.61,0.4,0.5,0.0,0.48,0.47,1
1481,0.67,0.57,0.36,0.19,0.5,0.0,0.56,0.22,5
1482,0.43,0.4,0.6,0.16,0.5,0.0,0.53,0.39,1
1483,0.65,0.54,0.54,0.13,0.5,0.0,0.53,0.22,2
